nlcd_class_name,1989 (ha),2024 (ha),Net change (ha)
Evergreen Forest,8445969.36,6813526.2299999995,-1632443.13
Mixed Forest,410321.25,348675.20999999996,-61646.04000000004
Open Water,387849.32999999996,383795.37,-4053.9599999999627
Perennial Ice/Snow,64218.06,64217.97,-0.08999999999650754
Developed High Intensity,30.33,36.72,6.390000000000001
Cultivated Crops,86.75999999999999,217.89,131.13
Pasture/Hay,561.42,785.25,223.83000000000004
"Developed, Medium Intensity",987.48,1261.8899999999999,274.40999999999985
Woody Wetlands,553164.9299999999,553525.11,360.1800000000512
"Developed, Open Space",7672.32,9200.789999999999,1528.4699999999993
"Developed, Low Intensity",6451.5599999999995,8293.68,1842.1200000000008
Emergent Herbaceous Wetlands,283946.67,287426.16,3479.4899999999907
Deciduous Forest,479113.01999999996,485456.39999999997,6343.380000000005
Barren Land (Rock/Sand/Clay),1477931.49,1503142.38,25210.889999999898
Grassland/Herbaceous,926773.65,1492480.53,565706.88
Shrub/Scrub,9305568.719999999,10398604.77,1093036.0500000007
