Wilderness,Forest 1989 (ha),Forest 2024 (ha),Net Change in Forest Cover (ha)
Frank Church River of No Return,655332.84,336550.5,-318782.33999999997
Bob Marshall,325697.85,222505.92,-103191.93
Trinity Alps,166634.28,77645.16,-88989.12
Selway Bitterroot,401056.2,319330.70999999996,-81725.49000000005
Pasayten,159528.50999999998,85611.06,-73917.44999999998
Aldo Leopold,77376.33,32375.16,-45001.17
Gila,197110.98,155274.38999999998,-41836.59
Marble Mountain,75003.75,39676.86,-35326.89
Yolla Bolly Middle Eel,51177.689999999995,16115.49,-35062.2
Kalmiopsis,50501.16,17966.7,-32534.459999999995
Ventana,45607.5,16839.27,-28768.23
Washakie,125260.92,98374.77,-26886.15000000001
Yosemite,140396.85,115190.1,-25206.750000000015
Golden Trout,64771.829999999994,42089.58,-22682.249999999993
Siskiyou,61375.77,39444.84,-21930.93
Weminuche,120035.07,98684.37,-21350.699999999997
San Rafael,27149.129999999997,6148.44,-21000.69
Sespe,34937.369999999995,13945.05,-20992.319999999996
Pecos,81696.78,61198.74,-20498.04
Mount Jefferson,38832.21,19779.03,-19053.18
Sequoia Kings Canyon,103442.31,84746.25,-18696.06
Three Sisters,98300.79,81162.62999999999,-17138.160000000003
Anaconda Pintler,53448.66,36445.59,-17003.07
Chiricahua,30356.01,13781.97,-16574.04
Lake Chelan Sawtooth,38541.869999999995,22378.77,-16163.099999999997
Wenaha Tucannon,59884.92,44914.59,-14970.330000000002
Gospel Hump,66994.73999999999,52148.61,-14846.12999999999
Strawberry Mountain,23206.05,8399.97,-14806.08
Ansel Adams,38139.39,23598.36,-14541.03
William O Douglas,59932.8,45929.97,-14002.829999999994
Mazatzal,34558.11,21006,-13552.11
Comanche Peak,22742.73,9212.76,-13529.97
Dick Smith,14921.37,1810.17,-13111.2
San Gorgonio,17747.64,5359.86,-12387.78
Absaroka Beartooth,176357.69999999998,164160.09,-12197.609999999986
Norse Peak,18701.37,7004.88,-11696.489999999998
High Uintas,97648.65,86367.51,-11281.14
Mount Zirkel,42587.91,31425.12,-11162.789999999995
Clan Alpine Mountains,27662.039999999997,16688.16,-10973.879999999996
Mark O Hatfield,25408.71,14974.29,-10434.42
Hells Canyon IDOR,37614.42,27291.96,-10322.46
Sky Lakes,44654.49,34551.36,-10103.129999999996
Snow Mountain,13453.38,3522.15,-9931.23
Domeland,20876.31,11056.59,-9819.719999999998
Lassen Volcanic,16709.489999999998,7050.33,-9659.159999999998
North Absaroka,60258.96,51074.73,-9184.230000000003
Glacier Peak,138674.79,129541.86,-9132.930000000008
Teton,98893.26,89820.62999999999,-9072.630000000005
Waldo Lake,14650.83,5925.69,-8725.14
Gearhart Mountain,8837.91,515.88,-8322.03
Rocky Mountain,57280.41,49322.25,-7958.159999999996
Pine Valley Mountain,18591.12,10636.56,-7954.56
Sawtooth,35970.03,28676.43,-7293.5999999999985
Superstition,9262.17,2273.49,-6988.68
Eagle Cap,89969.12999999999,83411.28,-6557.849999999991
Platte River,6464.79,95.85,-6368.94
Opal Creek,8133.84,1964.43,-6169.41
Boundary Waters Canoe Area,252565.74,246492.36,-6073.380000000005
Monument Rock,6930.09,1000.08,-5930.01
Monarch,12064.95,6164.55,-5900.399999999999
Bull of the Woods,14726.7,8829.72,-5896.98
San Gabriel,6795.09,1071.63,-5723.46
Yuki,9563.67,4001.58,-5562.09
Hermosa Creek,14113.98,8564.13,-5549.85
Bucks Lake,7922.34,2421.63,-5500.71
Carson Iceberg,37832.4,32418.09,-5414.310000000001
Pusch Ridge,7105.5,1707.9299999999998,-5397.57
Sycamore Canyon,12337.2,7053.66,-5283.539999999999
Mount Washington,15396.66,10381.05,-5015.610000000001
Savage Run,4970.07,114.12,-4855.95
Gates of the Mountains,7700.67,3170.7,-4529.97
Flat Tops,57094.29,52969.95,-4124.340000000004
Scapegoat,57407.13,53347.05,-4060.0800000000017
Welcome Creek,9821.34,5778.9,-4042.440000000001
Caribou,5022.9,1175.58,-3847.32
Four Peaks,3940.65,296.46,-3644.19
Boulder Creek,7889.219999999999,4298.22,-3590.999999999999
Pleasant View Ridge,6138.09,2575.44,-3562.65
Deseret Peak,6047.639999999999,2491.38,-3556.2599999999993
Gros Ventre,60413.22,56962.619999999995,-3450.600000000006
Jarbidge,15689.34,12322.35,-3366.99
Goshute Canyon,10385.64,7037.82,-3347.8199999999997
La Madre Mountain,10500.57,7199.91,-3300.66
South Sierra,14536.8,11350.53,-3186.2700000000004
Mount Adams,12135.69,9006.39,-3129.2999999999993
White Clouds,21304.17,18318.87,-2985.2999999999993
Cache La Poudre,3079.35,138.24,-2941.1099999999997
Chiricahua National Monument,3557.25,695.3399999999999,-2861.91
Mt Charleston,17770.05,14930.91,-2839.1399999999994
Apache Kid,16585.649999999998,13774.41,-2811.239999999998
Bridger,66444.12,63638.28,-2805.8399999999965
Red Rock Secret Mountain,14054.04,11251.08,-2802.959999999999
Mill Creek,6413.58,3674.97,-2738.61
Sierra Ancha,5735.79,3055.5899999999997,-2680.2000000000003
Alpine Lakes,117462.33,114810.39,-2651.9400000000023
Stephen Mather,147972.87,145407.50999999998,-2565.360000000015
Mt Shasta,6966.8099999999995,4428,-2538.8099999999995
Bandelier,4091.76,1554.03,-2537.7299999999996
Santa Teresa,4340.34,1827.63,-2512.71
Clover Mountains,17531.28,15132.69,-2398.59
San Jacinto,4748.4,2395.17,-2353.2299999999996
Withington,6667.0199999999995,4322.07,-2344.95
Saddle Mountain,11870.1,9562.86,-2307.2400000000016
Grassy Knob,6960.69,4661.82,-2298.87
Bear Wallow,4612.41,2393.91,-2218.5
Rattlesnake,11675.52,9500.22,-2175.300000000001
Castle Creek,4176.54,2041.83,-2134.71
Machesna Mountain,2601.9,470.7,-2131.2000000000003
Galiuro,17324.19,15294.78,-2029.41
Sarvis Creek,16830,14837.76,-1992.24
Mount Hood,21213.18,19222.83,-1990.3500000000024
Otay Mountain,2026.17,55.89,-1970.2799999999995
John Krebs,11775.6,9835.92,-1939.6800000000003
North Fork,2197.71,258.3,-1939.41
Agua Tibia,3736.8,1820.7,-1916.0999999999997
Mount Nebo,7123.5,5208.12,-1915.38
Kendrick Mountain,2752.74,842.2199999999999,-1910.52
Kaiser,6264.63,4373.01,-1891.62
Clackamas,3932.37,2092.95,-1839.42
Goat Rocks,35502.57,33672.15,-1830.4199999999985
Sheep Mountain,10700.46,8957.609999999999,-1742.8500000000004
Dome,1794.87,151.82999999999998,-1643.04
Magic Mountain,1631.4299999999998,0.99,-1630.4399999999998
Zion,23957.28,22327.11,-1630.1699999999985
Kachina Peaks,7152.84,5535.54,-1617.3000000000002
Kiavah,8880.39,7316.639999999999,-1563.75
Grant Range,14810.94,13314.87,-1496.0699999999997
Mt Moriah,23799.6,22320,-1479.5999999999983
Mission Mountains,21808.53,20349.36,-1459.1699999999985
Roaring River,14237.46,12821.22,-1416.2399999999998
Cache Creek,1502.01,93.87,-1408.14
Red Buttes,7231.59,5834.07,-1397.5200000000004
Rogue Umpqua Divide,13990.23,12628.17,-1362.0599999999995
Mesa Verde,2541.87,1195.11,-1346.76
Saguaro,9477.54,8139.06,-1338.4799999999996
Escudilla,1651.59,434.07,-1217.52
Docs Pass,2063.88,868.05,-1195.8300000000002
Juniper Prairie,4663.71,3480.39,-1183.3200000000002
Mokelumne,19391.49,18218.07,-1173.4199999999985
Sangre de Cristo,49525.65,48368.07,-1157.5800000000015
Desolation Canyon,13797.45,12682.35,-1115.0999999999983
South Pahroc Range,3378.87,2277.45,-1101.42
Granite Mountain AZ,2477.52,1436.58,-1040.94
Chama River Canyon,12530.07,11582.1,-947.9699999999992
Rawah,22235.129999999997,21316.05,-919.079999999998
Chanchelulla,2533.41,1624.23,-909.1799999999998
Mount Lassic,2768.22,1895.58,-872.6399999999999
Desatoya Mountains Wilderness,8666.82,7807.049999999999,-859.7700000000004
Santa Rosa,3626.37,2795.31,-831.06
Pine Mountain,5076.99,4258.3499999999995,-818.6400000000003
Elkhorn Ridge,4468.139999999999,3669.39,-798.7499999999995
South Egan Range,20295.81,19497.69,-798.119999999999
Mt Wrightson,7759.259999999999,6984.8099999999995,-774.4499999999998
Lower White River,919.98,151.47,-768.51
Rincon Mountain,2678.22,1920.33,-757.8899999999999
Black Canyon OR,3887.91,3152.16,-735.75
Bridge Creek,2013.39,1281.4199999999998,-731.97
Cedar Mountain Area,2048.22,1321.11,-727.1099999999999
Blue Range,10422.63,9725.04,-697.5900000000001
Parsnip Peak,13836.33,13145.49,-690.8400000000001
Byers Peak,2378.0699999999997,1690.74,-687.3299999999997
Cedar Roughs,726.2099999999999,39.6,-686.6099999999999
Wild Rogue,13650.39,12984.12,-666.2700000000004
San Mateo Canyon,4271.13,3609.63,-661.5000000000005
Cabinet Mountains,26340.93,25685.01,-655.9200000000019
Chimney Peak,3540.33,2890.26,-650.0700000000002
Lee Metcalf,62298.45,61654.68,-643.7699999999968
James River Face,3632.67,3037.14,-595.5300000000002
Lava Beds,653.04,68.58,-584.4599999999999
Hellsgate,7146.09,6564.87,-581.2200000000003
Beauty Mountain,797.5799999999999,228.24,-569.3399999999999
White Mountain,18806.22,18260.64,-545.5799999999981
South Warner,14804.91,14266.62,-538.2900000000009
Chumash,8393.039999999999,7900.11,-492.9299999999994
San Pedro Parks,15565.68,15104.61,-461.0700000000015
North Fork John Day,41682.15,41235.84,-446.31000000000495
South Fork San Jacinto,1587.96,1175.13,-412.83000000000015
Fossil Springs,3524.67,3122.37,-402.3000000000002
Spanish Peaks,5849.91,5451.48,-398.4300000000003
Miller Peak,6349.32,5964.3,-385.0199999999995
Manzano Mountain,13064.49,12703.5,-360.9899999999998
Salmo Priest,15371.1,15012.54,-358.5599999999995
Paiute,16222.5,15870.69,-351.8100000000013
Lone Peak,6787.98,6444.09,-343.8899999999994
Table Rock,2337.93,2001.6,-336.3299999999999
Bristlecone,5353.5599999999995,5021.0999999999995,-332.46000000000004
Russian,3543.48,3224.3399999999997,-319.1400000000003
Thousand Lakes,5706.8099999999995,5391.09,-315.71999999999935
La Garita,25546.68,25247.25,-299.4300000000003
Alexander Springs,1080.45,798.66,-281.7900000000001
Sawtooth Mountains,386.01,126.18,-259.83
Trapper Creek,2404.08,2158.29,-245.78999999999996
Slaughter Creek,1575.09,1333.89,-241.20000000000005
Soldier Creek,447.48,212.49,-234.99
Wabayuma Peak,2738.88,2506.68,-232.20000000000027
Bright Star,294.57,68.67,-225.9
South San Juan,41443.02,41231.07,-211.9499999999971
Lost Creek,36828.9,36651.24,-177.6600000000035
Baboquivari Peak,308.43,147.42,-161.01000000000002
Cahuilla Mountain,857.43,699.66,-157.76999999999998
South Fork Eel River,4302.9,4146.66,-156.23999999999978
Sacatar Trail,9189.72,9036.27,-153.4499999999989
Carlsbad Caverns,3435.8399999999997,3286.71,-149.12999999999963
Owens Peak,5030.91,4882.05,-148.85999999999967
Kanab Creek,3154.3199999999997,3008.7,-145.6199999999999
The Brothers,5814.99,5670.8099999999995,-144.1800000000003
Pine Creek,1514.16,1392.12,-122.03999999999996
Mormon Mountains,2173.3199999999997,2054.0699999999997,-119.25
Organ Mountains,2061.72,1950.57,-111.14999999999986
Strawberry Crater,150.66,42.39,-108.27
Salome,2783.0699999999997,2676.33,-106.73999999999978
Mount Trumbull,3196.98,3101.58,-95.40000000000008
White Rock Range,8190.09,8096.759999999999,-93.33000000000084
Badger Creek,11199.87,11107.53,-92.34000000000016
Never Summer,5259.87,5167.53,-92.34000000000016
Linville Gorge,4813.38,4738.41,-74.97000000000025
Capitan Mountains,14324.13,14250.33,-73.79999999999927
Mojave,1992.69,1920.15,-72.53999999999996
Southern Nantahala,9747.36,9682.02,-65.33999999999833
Wheeler Peak,5973.3,5910.12,-63.18000000000029
Indian Heaven,8226.99,8164.259999999999,-62.73000000000047
Dinkey Lakes,8590.59,8528.49,-62.10000000000037
Munds Mountain,5027.49,4969.17,-58.31999999999971
Saint Marys,4019.85,3969.54,-50.309999999999945
Cucamonga,2170.98,2121.75,-49.23000000000002
Deep Creek North,1363.95,1314.72,-49.23000000000002
Death Valley,21332.16,21283.02,-49.13999999999942
Cohutta,15128.82,15080.31,-48.51000000000022
Grand Wash Cliffs,462.06,416.79,-45.27000000000004
Becky Peak,5252.22,5211.99,-40.23000000000047
Jennie Lakes,3119.4,3080.0699999999997,-39.33000000000038
Uncompahgre,20503.53,20465.64,-37.88999999999942
Mount Tipton,3658.14,3623.76,-34.38000000000011
West Clear Creek,4483.71,4453.83,-29.88000000000011
Turkey Hill,1837.17,1807.74,-29.429999999999836
Fishhooks,808.1999999999999,780.39,-27.809999999999945
Shenandoah,33847.11,33824.34,-22.770000000004075
Kingston Range,847.53,829.35,-18.17999999999995
Mount Baldy,2692.44,2677.5,-14.940000000000056
Redfield Canyon,163.53,149.76,-13.77000000000001
Rainbow Lake,2566.35,2554.02,-12.329999999999927
High Rock Lake,13.23,3.06,-10.169999999999998
Meadow Valley Range,9.99,0.09,-9.9
Hauser,18.45,9.18,-9.27
Devils Backbone,2740.8599999999997,2731.68,-9.179999999999836
Buffalo National River,13768.65,13759.74,-8.909999999999854
Juniper Mesa,3084.21,3075.39,-8.820000000000164
Bradwell Bay,1665.81,1657.89,-7.920000000000073
Emigrant,8298.09,8290.619999999999,-7.470000000001164
Poteau Mountain,4570.11,4562.91,-7.199999999999818
Delamar Mountains,21.6,14.49,-7.109999999999998
Flatside,3860.91,3854.79,-6.119999999999891
Big Laurel Branch,4464.99,4459.679999999999,-5.3100000000004
North Santa Teresa,5.49,0.36,-5.13
Big Gum Swamp,1561.41,1556.28,-5.129999999999882
Cheaha,3051.45,3046.41,-5.039999999999964
Sturgeon River Gorge,6435.63,6431.58,-4.050000000000182
Thunder Ridge,1016.19,1012.86,-3.3299999999999272
Lostwood,3.33,0.18,-3.15
Clear Springs,1943.37,1940.22,-3.1499999999998636
Sipsey,10447.92,10444.95,-2.970000000001164
Tamarac,475.38,472.41,-2.9700000000000273
Mark Trail,6824.969999999999,6822.54,-2.4299999999993815
Clifty,5276.88,5274.54,-2.3400000000001455
Peloncillo Mountains,44.73,42.66,-2.0700000000000003
McCormick,4860.45,4858.47,-1.9799999999995632
Citico Creek,6615.9,6614.009999999999,-1.8900000000003272
Rich Hole,2703.15,2701.35,-1.800000000000182
Beaver Basin,3274.83,3273.21,-1.6199999999998909
Black Fork Mountain,5493.78,5492.429999999999,-1.3500000000003638
Lye Brook,6495.66,6494.49,-1.1700000000000728
Joyce Kilmer Slickrock,7875.09,7874.009999999999,-1.0800000000008367
UL Bend,25.56,24.48,-1.0799999999999983
Ellicott Rock,3391.56,3390.66,-0.900000000000091
Black Creek,892.98,892.26,-0.7200000000000273
Congaree,77.13,76.41,-0.7199999999999989
Upper Burro Creek,0.72,0.09,-0.63
Big Slough,547.47,546.93,-0.5400000000000773
Goose Creek,31.59,31.049999999999997,-0.5400000000000027
Cape Romain,2.25,1.71,-0.54
Bald River Gorge,1573.02,1572.48,-0.5399999999999636
Big Branch,2659.77,2659.23,-0.5399999999999636
Little Frog Mountain,2334.69,2334.15,-0.5399999999999636
Upper Buffalo,4921.74,4921.2,-0.5399999999999636
Horseshoe Bay,46.8,46.35,-0.44999999999999574
Birkhead Mountains,2136.87,2136.42,-0.4499999999998181
Beartown,2316.87,2316.51,-0.36000000000012733
Paddy Creek,2900.52,2900.16,-0.36000000000012733
Lake Woodruff,0.63,0.27,-0.36
Garden Mountain,1398.06,1397.7,-0.35999999999989996
Brasstown,5322.51,5322.24,-0.27000000000043656
Big Draft,2115.9,2115.63,-0.2699999999999818
Peters Mountain,1879.83,1879.56,-0.2699999999999818
Three Ridges,1916.1,1915.83,-0.2699999999999818
Catfish Lake South,179.82,179.64,-0.18000000000000682
St Marks,6.21,6.029999999999999,-0.1800000000000006
Chase Lake,0.8099999999999999,0.63,-0.17999999999999994
Lusk Creek,2742.12,2741.94,-0.1799999999998363
Shawvers Run,2405.0699999999997,2404.89,-0.1799999999998363
Brush Mountain,2000.79,2000.7,-0.09000000000014552
Glastenbury,8937.9,8937.81,-0.09000000000014552
Laurel Fork South,2396.79,2396.7,-0.09000000000014552
Rich Mountain,4454.82,4454.73,-0.09000000000014552
Nordhouse Dunes,744.8399999999999,744.75,-0.08999999999991815
Big Frog,3483.3599999999997,3483.27,-0.08999999999969077
Ramseys Draft,2699.2799999999997,2699.19,-0.08999999999969077
Raven Cliffs,3797.28,3797.19,-0.08999999999969077
Arrastra Mountain,1.44,1.44,0
Blood Mountain,3207.51,3207.51,0
Bristol Cliffs,1524.33,1524.33,0
Broad Canyon,0.27,0.27,0
Hell Hole Bay,7.739999999999999,7.739999999999999,0
Kimberling Creek,2444.85,2444.85,0
Little Dry Run,1182.69,1182.69,0
Medicine Lake,1.17,1.17,0
Mingo,61.379999999999995,61.379999999999995,0
Panther Den,338.94,338.94,0
Priest,2496.06,2496.06,0
Rough Mountain,3777.66,3777.66,0
Round Island,119.34,119.34,0
Sheep Ridge,36.629999999999995,36.629999999999995,0
Stone Mountain,1366.29,1366.29,0
Surprise Canyon,4.05,4.05,0
Upper Bald River,3724.29,3724.29,0
Wambaw Creek,19.44,19.44,0
Wambaw Swamp,70.64999999999999,70.64999999999999,0
Brush Mountain East,1571.31,1571.4,0.08999999999991815
Taylor Creek,11.52,11.61,0.08999999999999986
Oregon Islands,0.99,1.08,0.09000000000000008
Burden Falls,1524.4199999999998,1524.51,0.09000000000014552
Laurel Fork North,2486.79,2486.97,0.1799999999998363
Argus Range,0.72,0.8999999999999999,0.17999999999999994
Aravaipa Canyon,0.36,0.54,0.18000000000000005
Cedar Keys,0.8999999999999999,1.08,0.18000000000000016
Bay Creek,1132.11,1132.29,0.18000000000006366
Tray Mountain,4256.82,4257,0.18000000000029104
Little Lake Creek,1195.65,1195.9199999999998,0.2699999999999818
Huron Islands,21.33,21.6,0.2699999999999996
Labyrinth Canyon,0.63,0.8999999999999999,0.2699999999999999
Leaf,33.839999999999996,34.11,0.2700000000000031
Irish,6754.7699999999995,6755.04,0.27000000000043656
Hunting Camp Creek,3504.96,3505.3199999999997,0.3599999999996726
Garden of the Gods,1630.53,1630.89,0.35999999999989996
Porcupine Lake,1202.76,1203.12,0.35999999999989996
Unaka Mountain,1856.52,1856.88,0.35999999999989996
Allegheny Islands,16.11,16.47,0.35999999999999943
Beartrap Canyon,15.48,15.84,0.3600000000000012
Hickory Creek,3415.14,3415.5899999999997,0.4499999999998181
West Sister Island,24.39,24.84,0.4499999999999993
Wolf Island,7.199999999999999,7.65,0.4500000000000002
Rock River Canyon,1900.17,1900.62,0.4500000000000455
Rockpile Mountain,1767.87,1768.32,0.4500000000000455
Bald Knob,2384.1,2384.64,0.5399999999999636
Delirium,559.35,559.89,0.5399999999999636
Mackinac,1404.72,1405.26,0.5399999999999636
East Fork High Rock Canyon,0.8099999999999999,1.35,0.5399999999999999
Spice Run,2504.3399999999997,2504.88,0.5400000000004184
Little Wambaw Swamp,14.22,14.85,0.6300000000000008
Piney Creek,3323.43,3324.06,0.6300000000001091
East Fork,4315.68,4316.4,0.7199999999993452
Otter Creek,8425.71,8426.52,0.8100000000013097
Blackjack Springs,1211.76,1212.66,0.8999999999998636
Richland Creek,4733.82,4734.72,0.9000000000005457
Roaring Plains West,2809.26,2810.3399999999997,1.0799999999999272
Manly Peak,30.15,31.32,1.1700000000000017
George D Aiken,1677.33,1678.5,1.1700000000000728
Cottonwood Forest,0.36,1.71,1.35
Washington Islands,16.11,17.46,1.3500000000000014
Pond Mountain,2862.18,2863.71,1.5300000000002
Hurricane Creek,6239.969999999999,6241.5,1.5300000000006548
Paria Canyon Vermilion Cliffs,1.17,2.79,1.62
Charles C Deam,5104.26,5105.97,1.7100000000000364
Salt River Canyon,0.09,1.89,1.7999999999999998
Barbours Creek,2242.62,2244.42,1.800000000000182
Gee Creek,1066.77,1068.66,1.889999999999873
Eagle Canyon,2.4299999999999997,4.859999999999999,2.4299999999999997
Pocosin,103.68,106.11,2.430000000000007
Mud Swamp New River,475.74,478.35,2.609999999999957
Little High Rock Canyon,10.89,13.77,2.880000000000001
Little Lake George,227.43,230.31,2.880000000000024
Raccoon Branch,1743.75,1746.81,3.0599999999999454
Leatherwood,6833.969999999999,6837.03,3.0600000000004
Dry Creek,2560.14,2563.38,3.2400000000002365
Caney Creek,5799.0599999999995,5802.3,3.240000000000691
Sampson Mountain,4474.62,4478.04,3.4200000000000728
Craters of the Moon,30.69,34.47,3.780000000000001
Mountain Lake,6820.65,6824.5199999999995,3.869999999999891
San Juan,75.78,79.64999999999999,3.8699999999999903
High Rock Canyon,2.61,6.66,4.050000000000001
Blackbeard Island,203.76,207.99,4.22999999999999
Billies Bay,267.65999999999997,272.07,4.410000000000025
Cumberland Island,2252.79,2257.29,4.5
Shining Rock,7564.5,7569.36,4.859999999999673
Little Jacks Creek,9.18,14.04,4.859999999999999
Wild River,9719.1,9724.23,5.1299999999992
Presidential Range Dry River,11133.81,11139.12,5.309999999999491
Cold Wash,5.13,10.62,5.489999999999999
Bighorn Mountain,509.31,515.79,6.479999999999961
Big Island Lake,1504.71,1511.55,6.839999999999918
Great Swamp,32.31,39.15,6.839999999999996
Cranberry,19446.12,19453.05,6.930000000000291
Beaver Creek,2210.67,2217.96,7.289999999999964
Badlands,17.099999999999998,24.39,7.290000000000003
Bell Mountain,3754.08,3761.46,7.380000000000109
Big Jacks Creek,13.41,20.88,7.469999999999999
Mount Timpanogos,1633.86,1641.33,7.470000000000027
Devils Canyon,23.94,31.5,7.560000000000002
Reds Canyon,0.36,8.28,7.919999999999999
Black Elk,5136.21,5144.13,7.920000000000073
Whisker Lake,1726.9199999999998,1735.02,8.100000000000136
Little Wilson Creek,2254.95,2263.41,8.460000000000036
Sylvania,4618.17,4626.8099999999995,8.639999999999418
Cottonwood Canyon,3.06,12.69,9.63
Crab Orchard,1801.44,1811.07,9.63000000000011
Apache Creek,1879.11,1888.92,9.809999999999944
San Rafael Reef,3.5999999999999996,13.41,9.81
Caribou Speckled Mountain,4596.66,4606.83,10.170000000000073
Headwaters,2623.5,2634.21,10.710000000000036
Lewis Fork,2481.66,2492.37,10.710000000000036
Upper Kiamichi River,4423.95,4434.84,10.890000000000327
Mexican Mountain,1.35,12.33,10.98
Peru Peak,3132.18,3143.16,10.980000000000018
Middle Prong,3063.06,3074.4,11.340000000000146
Rio San Antonio,29.16,40.59,11.429999999999996
Moosehorn Baring Unit,1551.69,1564.2,12.509999999999993
Cummins Creek,3696.84,3710.16,13.320000000000164
LaVerkin Creek,163.71,177.20999999999998,13.499999999999972
Breadloaf,10234.8,10249.11,14.30999999999949
Pole Creek,138.42,153.81,15.390000000000017
Desolation,7005.42,7020.9,15.479999999999563
Pahute Peak,16.83,32.49,15.660000000000004
Turtle Canyon,9236.07,9251.82,15.75
Menagerie,2038.05,2053.89,15.839999999999918
Middle Santiam,3548.8799999999997,3564.9,16.020000000000437
Pemigewasset,18414.99,18432.09,17.100000000002183
Ptarmigan Peak,3642.66,3660.12,17.460000000000036
Red Rock Lakes,1114.29,1133.1,18.809999999999945
Bruneau Jarbidge Rivers,29.34,49.68,20.34
Joseph Battell,5048.46,5068.8,20.340000000000146
Drift Creek,2355.0299999999997,2375.8199999999997,20.789999999999964
Pajarita,19.08,40.68,21.6
Great Sand Dunes,199.71,221.4,21.690000000000023
Deep Creek,1021.68,1043.64,21.959999999999923
Glacier View,1195.47,1217.52,22.049999999999955
Seney,552.3299999999999,575.4599999999999,23.129999999999995
Hercules Glades,4904.37,4927.5,23.13000000000011
Diamond Peak,20121.93,20147.13,25.200000000000728
Dolly Sods,6767.639999999999,6792.929999999999,25.289999999999964
Mount Sneffels,2487.06,2512.35,25.289999999999964
Wet Beaver,1757.79,1783.08,25.289999999999964
Sierra de las Uvas,65.07,92.16,27.090000000000003
Rainbow Mountain,1960.11,1987.92,27.809999999999945
Upland Island,4406.94,4435.2,28.26000000000022
Great Gulf,2034.36,2062.71,28.350000000000136
Wonder Mountain,865.0799999999999,896.2199999999999,31.139999999999983
Mountain Lakes,8679.69,8710.92,31.229999999999563
Red Butte,365.31,396.9,31.589999999999975
Calico Mountains,22.59,54.18,31.59
AshdownGorge,2573.73,2607.48,33.75
Coso Range,94.5,128.61,34.109999999999985
Phillip Burton,5622.75,5659.83,37.07999999999993
Dos Cabezas Mountains,1525.77,1563.57,37.799999999999955
Rock Creek,2969.37,3007.7999999999997,38.42999999999984
Twin Peaks,3039.5699999999997,3079.35,39.7800000000002
Dominguez Canyon,11403,11443.32,40.31999999999971
Gaylord Nelson,12286.08,12329.64,43.55999999999949
Cain Mountain,1196.28,1242,45.72000000000003
Coyote Mountains AZ,147.6,193.86,46.25999999999999
Mount Thielsen,20919.87,20966.58,46.70999999999913
Sandwich Range,14285.52,14332.95,47.43000000000029
Cedar Bench,3818.25,3867.93,49.67999999999984
Sids Mountain,17.28,68.58,51.3
Clearwater,5693.04,5745.5999999999995,52.55999999999949
Red Mountain UT,908.46,965.52,57.06000000000006
North Black Rock Range,65.07,122.85,57.78
West Malpais,3136.95,3196.5299999999997,59.57999999999993
Neota,2648.3399999999997,2712.51,64.17000000000007
Marjory Stoneman Douglas,1325.16,1390.77,65.61000000000013
Dugger Mountain,3612.78,3678.48,65.70000000000027
Colonel Bob,4724.19,4790.429999999999,66.23999999999978
Indian Mounds,3808.53,3877.47,68.94000000000005
Vasquez Peak,2454.39,2523.42,69.0300000000002
Cottonwood Point,87.92999999999999,158.48999999999998,70.55999999999999
Okefenokee,1212.93,1285.9199999999998,72.98999999999978
Cebolla,14786.01,14863.14,77.1299999999992
Mt Irish,3070.35,3148.29,77.94000000000005
Fort Niobrara,221.58,301.22999999999996,79.64999999999998
Big Rocks,1004.04,1087.2,83.16000000000008
Noisy Diobsud,5122.08,5210.55,88.47000000000025
Moosehorn,886.14,978.3,92.15999999999995
Piper Mountain,1050.48,1145.97,95.49
Black Canyon of the Gunnison,3812.04,3908.7,96.65999999999984
Cougar Canyon,3216.96,3313.98,97.01999999999998
Sleeping Bear Dunes,8691.029999999999,8789.4,98.3700000000008
Encampment River,3154.68,3254.04,99.36000000000011
Woodchute,2184.75,2285.64,100.88999999999989
Government Peak,94.14,196.2,102.06
Dark Canyon,14003.82,14107.5,103.68000000000028
Nelson Mountain,1118.79,1223.55,104.76
Guadalupe Mountains,9314.73,9422.82,108.09000000000016
Lizard Head,10254.69,10369.08,114.38999999999942
Granite Mountain CA,1239.3,1359.1799999999998,119.87999999999988
North Fork Owyhee,4334.3099999999995,4459.5,125.19000000000052
Garcia,2830.0499999999997,2962.89,132.84000000000017
North Fork Umatilla,5644.98,5783.3099999999995,138.32999999999993
Hain,207.18,362.61,155.43000000000004
Sandia Mountain,12828.51,12992.31,163.79999999999927
Mount Skokomish,3735.81,3905.82,170.00999999999976
Owyhee River,361.35,540.54,179.19
Sabinoso,6339.24,6520.7699999999995,181.52999999999977
Copper Salmon,5322.5999999999995,5510.7,188.10000000000036
Tunnel Spring,1439.1,1631.16,192.05999999999997
Worthington Mountains,1116.09,1308.4199999999998,192.32999999999993
Fossil Ridge,8794.17,8988.93,194.76000000000025
Ishi,3147.2999999999997,3342.51,195.21000000000004
Boundary Peak,1888.02,2083.68,195.65999999999983
Sylvania Mountains,289.8,485.46,195.65999999999997
South McCullough,1878.93,2080.71,201.7800000000002
North Jackson Mountains,1235.79,1438.11,202.3199999999999
Cerro del Yuta,1264.05,1472.94,208.8900000000001
Weepah Spring,6411.0599999999995,6632.46,221.40000000000057
Fortification Range,10345.68,10567.71,222.02999999999884
Mount Logan,5009.04,5248.26,239.22000000000023
Owens River Headwaters,3512.25,3752.1,239.8499999999999
Mount Massive,4072.95,4330.44,257.4899999999998
Blackridge,2791.35,3057.66,266.30999999999995
Powderhorn,15965.55,16243.56,278.0100000000002
Isle Royale,35624.07,35908.92,284.84999999999854
Wichita Mountains,477.81,774.54,296.72999999999996
Huston Park,9935.37,10243.08,307.71000000000095
Salmon Huckleberry,24902.73,25213.59,310.8600000000006
Columbine Hondo,15727.68,16039.17,311.4899999999998
James Peak,2323.62,2637.81,314.19000000000005
Red Mountain NV,7297.92,7619.219999999999,321.2999999999993
Hemingway Boulders,11588.67,11910.33,321.65999999999985
Tatoosh,5218.74,5541.12,322.3800000000001
Box Death Hollow,3748.41,4090.41,342
Gunnison Gorge,2273.67,2616.48,342.80999999999995
Castle Crags,2671.11,3020.04,348.92999999999984
Raggeds,14113.62,14491.35,377.7300000000014
Greenhorn Mountain,7549.29,7951.23,401.9399999999996
Cruces Basin,4315.41,4720.05,404.6400000000003
West Elk,52414.11,52825.05,410.93999999999505
Highland Ridge,18881.55,19296.54,414.9900000000016
Latir Peak,6206.94,6664.7699999999995,457.8299999999999
Boulder River,16329.06,16794.899999999998,465.8399999999983
King Range,13845.51,14313.87,468.3599999999987
Far South Egans,9531.36,10003.41,472.0500000000011
Winegar Hole,3228.2999999999997,3701.43,473.1300000000001
Theodore Roosevelt,2404.35,2893.23,488.8800000000001
Wovoka,11135.43,11629.8,494.369999999999
Quinn Canyon,8958.779999999999,9456.03,497.25
Black Ridge Canyons,6314.13,6814.889999999999,500.7599999999993
Sanhedrin,2913.8399999999997,3421.26,507.4200000000001
Pine Forest Range,1350.54,1873.62,523.0799999999999
Kisatchie Hills,2327.31,2857.23,529.9200000000001
Buckhorn,14407.83,14941.89,534.0599999999995
Jim McClure Jerry Peak,16694.64,17243.37,548.7299999999996
Bald Mountain,6162.3,6711.48,549.1799999999994
South Jackson Mountains,1845.54,2413.62,568.0799999999999
Mount Olympus,4166.73,4773.87,607.1400000000003
Popo Agie,16707.87,17315.46,607.5900000000001
Soda Mountain,3882.87,4493.25,610.3800000000001
Indian Peaks,14365.44,15022.98,657.5400000000009
Matilija,1239.3,1913.04,673.74
Daniel J Evans,297297.54,298012.23,714.6900000000023
Canaan Mountain,4465.44,5212.62,747.1800000000003
Wild Sky,36033.48,36854.46,820.9800000000032
Granite Chief,7733.969999999999,8564.039999999999,830.0699999999997
Hunter Fryingpan,17731.62,18572.22,840.5999999999985
Fitzpatrick,20603.52,21482.82,879.2999999999993
Devils Staircase,11535.48,12430.53,895.0499999999993
Wellsville Mountain,4601.61,5583.15,981.54
Mount Evans,16123.32,17137.8,1014.4799999999996
Eagles Nest,29594.43,30646.8,1052.369999999999
Mount Baker,27029.789999999997,28092.87,1063.0800000000015
Henry M Jackson,33067.44,34284.51,1217.0699999999997
Holy Cross,25091.82,26322.84,1231.0200000000004
Maroon Bells Snowmass,30657.15,31962.87,1305.7200000000012
Hoover,12074.49,13426.65,1352.16
Shellback,7106.67,8462.34,1355.67
Santa Rosa Paradise Peak,4255.11,5613.48,1358.37
Silver Peak,7534.53,8929.35,1394.8200000000006
Mount Grafton,19051.11,20469.6,1418.489999999998
Currant Mountain,12312.81,13735.08,1422.2700000000004
Buffalo Peaks,9162.9,10598.85,1435.9500000000007
Collegiate Peaks,23772.06,25286.76,1514.7000000000007
Jedediah Smith,27293.58,28821.06,1527.4799999999996
Table Mountain,22696.379999999997,24237.9,1541.5200000000004
Mt Rose,7116.3,8705.25,1588.9499999999998
AltaToquima,6664.41,8264.25,1599.84
White Pine Range,8924.85,10542.69,1617.84
White Mountains,24861.06,26521.92,1660.8600000000006
John Muir,70536.87,72272.61,1735.7400000000052
Mount Naomi,8148.78,9904.41,1755.63
Great Bear,91943.64,93824.55,1880.9100000000035
High Schells,31157.28,33041.88,1884.5999999999983
East Humboldts,2216.3399999999997,4125.5999999999995,1909.26
Cloud Peak,23067.9,25033.59,1965.6900000000023
Mount Rainier,61346.7,63352.17,2005.4700000000012
Santa Lucia,2211.5699999999997,4730.49,2518.92
Inyo Mountains,14394.33,16936.92,2542.5899999999983
Ruby Mountains,7725.15,11459.61,3734.459999999999
Steens Mountain,4129.5599999999995,8973.81,4844.25
ArcDome,16013.34,21936.51,5923.169999999998
Black Rock Desert,NA,0.27,NA
Breton,0.09,NA,NA
Gulf Islands,0.09,NA,NA
Horse Valley,NA,0.27,NA
Joshua Tree,3.69,NA,NA
Little Ocean Draw,NA,0.36,NA
Little Wild Horse Canyon,NA,0.09,NA
Lower Last Chance,NA,0.8099999999999999,NA
Malpais Mesa,NA,0.09,NA
Mount Riley,NA,0.8999999999999999,NA
Muddy Creek,NA,3.87,NA
Needles Eye,0.09,NA,NA
Rawhide Mountains,NA,0.18,NA
Robledo Mountains,NA,0.09,NA
Salt Creek,0.72,NA,NA
