ecoregion,wilderness_count,wilderness_ha,forest_1989,forest_2024,net_forest_change_ha
WESTERN CORDILLERA,194,10852512.66,6595705.89,5213306.88,-1382399.0099999998
UPPER GILA MOUNTAINS,37,813509.28,541845.09,399649.95,-142195.13999999996
MEDITERRANEAN CALIFORNIA,32,610690.59,229655.34,109804.68,-119850.66
WESTERN SIERRA MADRE PIEDMONT,17,186084.36,90034.73999999999,58364.46,-31670.27999999999
WARM DESERTS,142,5004432.09,82031.58,72329.48999999999,-9702.090000000011
MIXED WOOD SHIELD,18,584576.46,333369.36,327595.86,-5773.5
MISSISSIPPI ALLUVIAL AND SOUTHEAST USA COASTAL PLAINS,29,233212.77,14056.019999999999,12671.82,-1384.199999999999
MARINE WEST COAST FOREST,15,301119.12,284879.79,283652.73,-1227.0599999999977
OZARK/OUACHITA-APPALACHIAN FORESTS,78,368779.41,365759.37,365058.99,-700.3800000000047
WATER,1,2412,983.0699999999999,1008.4499999999999,25.379999999999995
EVERGLADES,1,315179.45999999996,1322.46,1387.8,65.33999999999992
WEST-CENTRAL SEMIARID PRAIRIES,7,58372.56,3589.83,3745.17,155.34000000000015
ATLANTIC HIGHLANDS,16,106426.34999999999,103326.12,103485.42,159.3000000000029
MIXED WOOD PLAINS,3,17382.329999999998,11790.09,11992.5,202.40999999999985
SOUTH CENTRAL SEMIARID PRAIRIES,3,20342.43,7264.53,7507.799999999999,243.26999999999953
SOUTHEASTERN USA PLAINS,21,54026.189999999995,39041.46,39646.979999999996,605.5199999999968
COLD DESERTS,120,2559271.6799999997,629009.5499999999,634645.98,5636.430000000051
