state,wilderness_count,wilderness_ha,forest_1989,forest_2024,net_forest_change_ha
California,152,6389133.4799999995,1387258.8299999998,940135.14,-447123.6899999998
Idaho,15,1958490.8099999998,1181535.39,759293.01,-422242.3799999999
Oregon,47,1025842.23,749310.03,576366.75,-172943.28000000003
Montana,15,1426245.1199999999,892958.0399999999,738355.5,-154602.53999999992
Washington,30,1819067.94,1309808.79,1170540.45,-139268.34000000008
New Mexico,39,823210.83,546305.04,428146.47,-118158.57000000007
Arizona,90,1859065.8299999998,284742.99,202056.3,-82686.69
Colorado,44,1524136.14,863137.5299999999,801614.25,-61523.27999999991
Wyoming,15,1246261.05,533416.95,477064.52999999997,-56352.419999999984
Utah,51,775290.15,246422.06999999998,221786.72999999998,-24635.339999999997
Minnesota,3,448232.94,253027.16999999998,246950.81999999998,-6076.350000000006
Nevada,73,1486728.72,451551.14999999997,449341.82999999996,-2209.320000000007
Florida,11,411757.64999999997,11274.66,9871.02,-1403.6399999999994
Virginia,24,90745.65,90384.84,89737.83,-647.0099999999948
Nebraska,2,5126.49,669.06,513.72,-155.33999999999992
North Carolina,12,46234.53,29773.17,29661.48,-111.68999999999869
Arkansas,12,63034.2,61003.53,60991.92,-11.610000000000582
Tennessee,12,35456.31,35417.43,35416.26,-1.1699999999982538
Mississippi,3,3965.22,926.91,926.37,-0.5399999999999636
South Carolina,7,25245.809999999998,1386,1385.9099999999999,-0.09000000000014552
Connecticut,0,0,0,0,0
Delaware,0,0,0,0,0
Iowa,0,0,0,0,0
Kansas,0,0,0,0,0
Maryland,0,0,0,0,0
Massachusetts,1,823.5,0,0,0
New York,1,545.22,0,0,0
Rhode Island,0,0,0,0,0
Ohio,0,29.7,23.49,23.939999999999998,0.4499999999999993
Pennsylvania,2,3750.8399999999997,3431.25,3432.06,0.8099999999999454
Indiana,1,5208.66,5104.26,5105.97,1.7100000000000364
Kentucky,2,7510.59,7487.549999999999,7492.5,4.950000000000728
New Jersey,1,4426.83,32.31,39.15,6.839999999999996
Illinois,8,13696.289999999999,13497.029999999999,13504.5,7.470000000001164
South Dakota,2,30765.149999999998,5153.3099999999995,5168.5199999999995,15.210000000000036
Georgia,14,197476.02,51651.45,51669.81,18.360000000000582
Missouri,8,29750.129999999997,26207.28,26229.6,22.31999999999971
West Virginia,9,48928.5,48290.13,48324.6,34.470000000001164
Wisconsin,5,32549.129999999997,21537.899999999998,21575.25,37.35000000000218
Vermont,8,41496.479999999996,39710.43,39755.43,45
Alabama,3,17352.72,17112.149999999998,17169.84,57.69000000000233
New Hampshire,5,56550.78,55587.78,55691.1,103.31999999999971
Maine,3,7741.17,7034.49,7149.33,114.84000000000015
Texas,6,34713.72,20964.6,21136.5,171.90000000000146
Oklahoma,3,10580.4,6996.0599999999995,7303.86,307.8000000000002
Michigan,13,124728.65999999999,70339.41,70753.86,414.4499999999971
North Dakota,3,16428.96,2408.49,2894.04,485.5500000000002
Louisiana,2,7911.09,2327.4,2857.23,529.8299999999999
