"NA_L2CODE_int","NA_L2NAME","nlcd_class","pixel_count","year","nlcd_class_name"
0,"WATER",11,9777,1989,"Open Water"
0,"WATER",21,90,1989,"Developed, Open Space"
0,"WATER",22,6,1989,"Developed, Low Intensity"
0,"WATER",31,1678,1989,"Barren Land (Rock/Sand/Clay)"
0,"WATER",41,1287,1989,"Deciduous Forest"
0,"WATER",42,4491,1989,"Evergreen Forest"
0,"WATER",43,5145,1989,"Mixed Forest"
0,"WATER",52,262,1989,"Shrub/Scrub"
0,"WATER",71,12,1989,"Grassland/Herbaceous"
0,"WATER",90,3831,1989,"Woody Wetlands"
0,"WATER",95,221,1989,"Emergent Herbaceous Wetlands"
0,"WATER",11,9388,2024,"Open Water"
0,"WATER",21,146,2024,"Developed, Open Space"
0,"WATER",22,10,2024,"Developed, Low Intensity"
0,"WATER",31,1504,2024,"Barren Land (Rock/Sand/Clay)"
0,"WATER",41,1131,2024,"Deciduous Forest"
0,"WATER",42,5553,2024,"Evergreen Forest"
0,"WATER",43,4521,2024,"Mixed Forest"
0,"WATER",52,219,2024,"Shrub/Scrub"
0,"WATER",71,185,2024,"Grassland/Herbaceous"
0,"WATER",90,3844,2024,"Woody Wetlands"
0,"WATER",95,299,2024,"Emergent Herbaceous Wetlands"
52,"MIXED WOOD SHIELD",90,1678167,1989,"Woody Wetlands"
52,"MIXED WOOD SHIELD",95,46574,1989,"Emergent Herbaceous Wetlands"
52,"MIXED WOOD SHIELD",11,969575,1989,"Open Water"
52,"MIXED WOOD SHIELD",21,3330,1989,"Developed, Open Space"
52,"MIXED WOOD SHIELD",22,414,1989,"Developed, Low Intensity"
52,"MIXED WOOD SHIELD",31,4993,1989,"Barren Land (Rock/Sand/Clay)"
52,"MIXED WOOD SHIELD",41,436391,1989,"Deciduous Forest"
52,"MIXED WOOD SHIELD",42,1453454,1989,"Evergreen Forest"
52,"MIXED WOOD SHIELD",43,1814259,1989,"Mixed Forest"
52,"MIXED WOOD SHIELD",52,53442,1989,"Shrub/Scrub"
52,"MIXED WOOD SHIELD",71,34273,1989,"Grassland/Herbaceous"
52,"MIXED WOOD SHIELD",81,415,1989,"Pasture/Hay"
52,"MIXED WOOD SHIELD",82,7,1989,"Cultivated Crops"
52,"MIXED WOOD SHIELD",11,938606,2024,"Open Water"
52,"MIXED WOOD SHIELD",21,3487,2024,"Developed, Open Space"
52,"MIXED WOOD SHIELD",22,645,2024,"Developed, Low Intensity"
52,"MIXED WOOD SHIELD",23,20,2024,"Developed, Medium Intensity"
52,"MIXED WOOD SHIELD",31,4448,2024,"Barren Land (Rock/Sand/Clay)"
52,"MIXED WOOD SHIELD",41,468003,2024,"Deciduous Forest"
52,"MIXED WOOD SHIELD",42,1458983,2024,"Evergreen Forest"
52,"MIXED WOOD SHIELD",43,1712968,2024,"Mixed Forest"
52,"MIXED WOOD SHIELD",52,150198,2024,"Shrub/Scrub"
52,"MIXED WOOD SHIELD",71,21207,2024,"Grassland/Herbaceous"
52,"MIXED WOOD SHIELD",81,320,2024,"Pasture/Hay"
52,"MIXED WOOD SHIELD",82,9,2024,"Cultivated Crops"
52,"MIXED WOOD SHIELD",90,1684984,2024,"Woody Wetlands"
52,"MIXED WOOD SHIELD",95,51416,2024,"Emergent Herbaceous Wetlands"
53,"ATLANTIC HIGHLANDS",11,1249,2024,"Open Water"
53,"ATLANTIC HIGHLANDS",11,1501,1989,"Open Water"
53,"ATLANTIC HIGHLANDS",21,1665,1989,"Developed, Open Space"
53,"ATLANTIC HIGHLANDS",22,337,1989,"Developed, Low Intensity"
53,"ATLANTIC HIGHLANDS",31,2610,1989,"Barren Land (Rock/Sand/Clay)"
53,"ATLANTIC HIGHLANDS",41,519103,1989,"Deciduous Forest"
53,"ATLANTIC HIGHLANDS",42,402518,1989,"Evergreen Forest"
53,"ATLANTIC HIGHLANDS",43,226447,1989,"Mixed Forest"
53,"ATLANTIC HIGHLANDS",52,4099,1989,"Shrub/Scrub"
53,"ATLANTIC HIGHLANDS",71,772,1989,"Grassland/Herbaceous"
53,"ATLANTIC HIGHLANDS",81,29,1989,"Pasture/Hay"
53,"ATLANTIC HIGHLANDS",90,22991,1989,"Woody Wetlands"
53,"ATLANTIC HIGHLANDS",95,443,1989,"Emergent Herbaceous Wetlands"
53,"ATLANTIC HIGHLANDS",31,2896,2024,"Barren Land (Rock/Sand/Clay)"
53,"ATLANTIC HIGHLANDS",21,1501,2024,"Developed, Open Space"
53,"ATLANTIC HIGHLANDS",22,530,2024,"Developed, Low Intensity"
53,"ATLANTIC HIGHLANDS",23,40,2024,"Developed, Medium Intensity"
53,"ATLANTIC HIGHLANDS",52,2389,2024,"Shrub/Scrub"
53,"ATLANTIC HIGHLANDS",41,517704,2024,"Deciduous Forest"
53,"ATLANTIC HIGHLANDS",42,406434,2024,"Evergreen Forest"
53,"ATLANTIC HIGHLANDS",43,225700,2024,"Mixed Forest"
53,"ATLANTIC HIGHLANDS",95,492,2024,"Emergent Herbaceous Wetlands"
53,"ATLANTIC HIGHLANDS",71,417,2024,"Grassland/Herbaceous"
53,"ATLANTIC HIGHLANDS",81,28,2024,"Pasture/Hay"
53,"ATLANTIC HIGHLANDS",90,23135,2024,"Woody Wetlands"
62,"WESTERN CORDILLERA",11,469241,1989,"Open Water"
62,"WESTERN CORDILLERA",11,453889,2024,"Open Water"
62,"WESTERN CORDILLERA",12,712085,2024,"Perennial Ice/Snow"
62,"WESTERN CORDILLERA",12,712085,1989,"Perennial Ice/Snow"
62,"WESTERN CORDILLERA",21,40103,1989,"Developed, Open Space"
62,"WESTERN CORDILLERA",22,45592,1989,"Developed, Low Intensity"
62,"WESTERN CORDILLERA",23,7494,1989,"Developed, Medium Intensity"
62,"WESTERN CORDILLERA",24,130,1989,"Developed High Intensity"
62,"WESTERN CORDILLERA",31,9506042,1989,"Barren Land (Rock/Sand/Clay)"
62,"WESTERN CORDILLERA",41,1108843,1989,"Deciduous Forest"
62,"WESTERN CORDILLERA",42,71853222,1989,"Evergreen Forest"
62,"WESTERN CORDILLERA",43,323556,1989,"Mixed Forest"
62,"WESTERN CORDILLERA",52,26580508,1989,"Shrub/Scrub"
62,"WESTERN CORDILLERA",71,8714036,1989,"Grassland/Herbaceous"
62,"WESTERN CORDILLERA",81,1844,1989,"Pasture/Hay"
62,"WESTERN CORDILLERA",82,113,1989,"Cultivated Crops"
62,"WESTERN CORDILLERA",90,815693,1989,"Woody Wetlands"
62,"WESTERN CORDILLERA",95,404972,1989,"Emergent Herbaceous Wetlands"
62,"WESTERN CORDILLERA",22,58312,2024,"Developed, Low Intensity"
62,"WESTERN CORDILLERA",23,9179,2024,"Developed, Medium Intensity"
62,"WESTERN CORDILLERA",24,134,2024,"Developed High Intensity"
62,"WESTERN CORDILLERA",31,9768308,2024,"Barren Land (Rock/Sand/Clay)"
62,"WESTERN CORDILLERA",41,1088578,2024,"Deciduous Forest"
62,"WESTERN CORDILLERA",42,56568831,2024,"Evergreen Forest"
62,"WESTERN CORDILLERA",43,268223,2024,"Mixed Forest"
62,"WESTERN CORDILLERA",52,37129170,2024,"Shrub/Scrub"
62,"WESTERN CORDILLERA",71,13233178,2024,"Grassland/Herbaceous"
62,"WESTERN CORDILLERA",81,1535,2024,"Pasture/Hay"
62,"WESTERN CORDILLERA",82,180,2024,"Cultivated Crops"
62,"WESTERN CORDILLERA",90,837766,2024,"Woody Wetlands"
62,"WESTERN CORDILLERA",21,48826,2024,"Developed, Open Space"
62,"WESTERN CORDILLERA",95,405280,2024,"Emergent Herbaceous Wetlands"
71,"MARINE WEST COAST FOREST",12,39,1989,"Perennial Ice/Snow"
71,"MARINE WEST COAST FOREST",21,3221,1989,"Developed, Open Space"
71,"MARINE WEST COAST FOREST",22,1054,1989,"Developed, Low Intensity"
71,"MARINE WEST COAST FOREST",11,11265,1989,"Open Water"
71,"MARINE WEST COAST FOREST",31,13117,1989,"Barren Land (Rock/Sand/Clay)"
71,"MARINE WEST COAST FOREST",41,2852,1989,"Deciduous Forest"
71,"MARINE WEST COAST FOREST",42,3119766,1989,"Evergreen Forest"
71,"MARINE WEST COAST FOREST",23,114,1989,"Developed, Medium Intensity"
71,"MARINE WEST COAST FOREST",52,97100,1989,"Shrub/Scrub"
71,"MARINE WEST COAST FOREST",71,15776,1989,"Grassland/Herbaceous"
71,"MARINE WEST COAST FOREST",81,204,1989,"Pasture/Hay"
71,"MARINE WEST COAST FOREST",43,42713,1989,"Mixed Forest"
71,"MARINE WEST COAST FOREST",95,4728,1989,"Emergent Herbaceous Wetlands"
71,"MARINE WEST COAST FOREST",12,39,2024,"Perennial Ice/Snow"
71,"MARINE WEST COAST FOREST",21,3632,2024,"Developed, Open Space"
71,"MARINE WEST COAST FOREST",22,1142,2024,"Developed, Low Intensity"
71,"MARINE WEST COAST FOREST",23,225,2024,"Developed, Medium Intensity"
71,"MARINE WEST COAST FOREST",31,15279,2024,"Barren Land (Rock/Sand/Clay)"
71,"MARINE WEST COAST FOREST",41,3214,2024,"Deciduous Forest"
71,"MARINE WEST COAST FOREST",42,3101621,2024,"Evergreen Forest"
71,"MARINE WEST COAST FOREST",43,46862,2024,"Mixed Forest"
71,"MARINE WEST COAST FOREST",52,94719,2024,"Shrub/Scrub"
71,"MARINE WEST COAST FOREST",71,31676,2024,"Grassland/Herbaceous"
71,"MARINE WEST COAST FOREST",81,170,2024,"Pasture/Hay"
71,"MARINE WEST COAST FOREST",90,33819,1989,"Woody Wetlands"
71,"MARINE WEST COAST FOREST",11,8897,2024,"Open Water"
71,"MARINE WEST COAST FOREST",95,6852,2024,"Emergent Herbaceous Wetlands"
71,"MARINE WEST COAST FOREST",90,31440,2024,"Woody Wetlands"
81,"MIXED WOOD PLAINS",21,606,1989,"Developed, Open Space"
81,"MIXED WOOD PLAINS",22,253,1989,"Developed, Low Intensity"
81,"MIXED WOOD PLAINS",11,4122,1989,"Open Water"
81,"MIXED WOOD PLAINS",42,28731,1989,"Evergreen Forest"
81,"MIXED WOOD PLAINS",43,19990,1989,"Mixed Forest"
81,"MIXED WOOD PLAINS",31,24387,1989,"Barren Land (Rock/Sand/Clay)"
81,"MIXED WOOD PLAINS",41,82280,1989,"Deciduous Forest"
81,"MIXED WOOD PLAINS",81,1,1989,"Pasture/Hay"
81,"MIXED WOOD PLAINS",82,101,1989,"Cultivated Crops"
81,"MIXED WOOD PLAINS",52,1550,1989,"Shrub/Scrub"
81,"MIXED WOOD PLAINS",71,4834,1989,"Grassland/Herbaceous"
81,"MIXED WOOD PLAINS",11,3942,2024,"Open Water"
81,"MIXED WOOD PLAINS",21,611,2024,"Developed, Open Space"
81,"MIXED WOOD PLAINS",22,257,2024,"Developed, Low Intensity"
81,"MIXED WOOD PLAINS",31,24191,2024,"Barren Land (Rock/Sand/Clay)"
81,"MIXED WOOD PLAINS",41,83765,2024,"Deciduous Forest"
81,"MIXED WOOD PLAINS",42,28869,2024,"Evergreen Forest"
81,"MIXED WOOD PLAINS",43,20616,2024,"Mixed Forest"
81,"MIXED WOOD PLAINS",52,814,2024,"Shrub/Scrub"
81,"MIXED WOOD PLAINS",71,3692,2024,"Grassland/Herbaceous"
81,"MIXED WOOD PLAINS",82,11,2024,"Cultivated Crops"
81,"MIXED WOOD PLAINS",90,25400,2024,"Woody Wetlands"
81,"MIXED WOOD PLAINS",95,969,2024,"Emergent Herbaceous Wetlands"
81,"MIXED WOOD PLAINS",90,25412,1989,"Woody Wetlands"
81,"MIXED WOOD PLAINS",95,870,1989,"Emergent Herbaceous Wetlands"
83,"SOUTHEASTERN USA PLAINS",11,3231,1989,"Open Water"
83,"SOUTHEASTERN USA PLAINS",21,3263,1989,"Developed, Open Space"
83,"SOUTHEASTERN USA PLAINS",22,236,1989,"Developed, Low Intensity"
83,"SOUTHEASTERN USA PLAINS",23,1,1989,"Developed, Medium Intensity"
83,"SOUTHEASTERN USA PLAINS",31,125,1989,"Barren Land (Rock/Sand/Clay)"
83,"SOUTHEASTERN USA PLAINS",41,222831,1989,"Deciduous Forest"
83,"SOUTHEASTERN USA PLAINS",42,176269,1989,"Evergreen Forest"
83,"SOUTHEASTERN USA PLAINS",43,34694,1989,"Mixed Forest"
83,"SOUTHEASTERN USA PLAINS",52,6188,1989,"Shrub/Scrub"
83,"SOUTHEASTERN USA PLAINS",71,1850,1989,"Grassland/Herbaceous"
83,"SOUTHEASTERN USA PLAINS",81,419,1989,"Pasture/Hay"
83,"SOUTHEASTERN USA PLAINS",82,41,1989,"Cultivated Crops"
83,"SOUTHEASTERN USA PLAINS",90,150178,1989,"Woody Wetlands"
83,"SOUTHEASTERN USA PLAINS",95,965,1989,"Emergent Herbaceous Wetlands"
83,"SOUTHEASTERN USA PLAINS",22,247,2024,"Developed, Low Intensity"
83,"SOUTHEASTERN USA PLAINS",31,89,2024,"Barren Land (Rock/Sand/Clay)"
83,"SOUTHEASTERN USA PLAINS",41,223682,2024,"Deciduous Forest"
83,"SOUTHEASTERN USA PLAINS",42,159364,2024,"Evergreen Forest"
83,"SOUTHEASTERN USA PLAINS",43,57476,2024,"Mixed Forest"
83,"SOUTHEASTERN USA PLAINS",52,342,2024,"Shrub/Scrub"
83,"SOUTHEASTERN USA PLAINS",71,209,2024,"Grassland/Herbaceous"
83,"SOUTHEASTERN USA PLAINS",81,421,2024,"Pasture/Hay"
83,"SOUTHEASTERN USA PLAINS",82,13,2024,"Cultivated Crops"
83,"SOUTHEASTERN USA PLAINS",90,151043,2024,"Woody Wetlands"
83,"SOUTHEASTERN USA PLAINS",95,982,2024,"Emergent Herbaceous Wetlands"
83,"SOUTHEASTERN USA PLAINS",11,3065,2024,"Open Water"
83,"SOUTHEASTERN USA PLAINS",21,3358,2024,"Developed, Open Space"
84,"OZARK/OUACHITA-APPALACHIAN FORESTS",11,2463,1989,"Open Water"
84,"OZARK/OUACHITA-APPALACHIAN FORESTS",21,12837,1989,"Developed, Open Space"
84,"OZARK/OUACHITA-APPALACHIAN FORESTS",22,614,1989,"Developed, Low Intensity"
84,"OZARK/OUACHITA-APPALACHIAN FORESTS",23,10,1989,"Developed, Medium Intensity"
84,"OZARK/OUACHITA-APPALACHIAN FORESTS",31,4224,1989,"Barren Land (Rock/Sand/Clay)"
84,"OZARK/OUACHITA-APPALACHIAN FORESTS",41,2561042,1989,"Deciduous Forest"
84,"OZARK/OUACHITA-APPALACHIAN FORESTS",42,303368,1989,"Evergreen Forest"
84,"OZARK/OUACHITA-APPALACHIAN FORESTS",43,1199583,1989,"Mixed Forest"
84,"OZARK/OUACHITA-APPALACHIAN FORESTS",52,2049,1989,"Shrub/Scrub"
84,"OZARK/OUACHITA-APPALACHIAN FORESTS",71,2045,1989,"Grassland/Herbaceous"
84,"OZARK/OUACHITA-APPALACHIAN FORESTS",81,2599,1989,"Pasture/Hay"
84,"OZARK/OUACHITA-APPALACHIAN FORESTS",90,5722,1989,"Woody Wetlands"
84,"OZARK/OUACHITA-APPALACHIAN FORESTS",95,993,1989,"Emergent Herbaceous Wetlands"
84,"OZARK/OUACHITA-APPALACHIAN FORESTS",22,776,2024,"Developed, Low Intensity"
84,"OZARK/OUACHITA-APPALACHIAN FORESTS",23,12,2024,"Developed, Medium Intensity"
84,"OZARK/OUACHITA-APPALACHIAN FORESTS",31,4900,2024,"Barren Land (Rock/Sand/Clay)"
84,"OZARK/OUACHITA-APPALACHIAN FORESTS",41,2612226,2024,"Deciduous Forest"
84,"OZARK/OUACHITA-APPALACHIAN FORESTS",42,269324,2024,"Evergreen Forest"
84,"OZARK/OUACHITA-APPALACHIAN FORESTS",43,1174661,2024,"Mixed Forest"
84,"OZARK/OUACHITA-APPALACHIAN FORESTS",52,3187,2024,"Shrub/Scrub"
84,"OZARK/OUACHITA-APPALACHIAN FORESTS",71,7770,2024,"Grassland/Herbaceous"
84,"OZARK/OUACHITA-APPALACHIAN FORESTS",81,2414,2024,"Pasture/Hay"
84,"OZARK/OUACHITA-APPALACHIAN FORESTS",90,5760,2024,"Woody Wetlands"
84,"OZARK/OUACHITA-APPALACHIAN FORESTS",95,942,2024,"Emergent Herbaceous Wetlands"
84,"OZARK/OUACHITA-APPALACHIAN FORESTS",11,2247,2024,"Open Water"
84,"OZARK/OUACHITA-APPALACHIAN FORESTS",21,13330,2024,"Developed, Open Space"
85,"MISSISSIPPI ALLUVIAL AND SOUTHEAST USA COASTAL PLAINS",11,37374,1989,"Open Water"
85,"MISSISSIPPI ALLUVIAL AND SOUTHEAST USA COASTAL PLAINS",21,5091,1989,"Developed, Open Space"
85,"MISSISSIPPI ALLUVIAL AND SOUTHEAST USA COASTAL PLAINS",22,1594,1989,"Developed, Low Intensity"
85,"MISSISSIPPI ALLUVIAL AND SOUTHEAST USA COASTAL PLAINS",23,38,1989,"Developed, Medium Intensity"
85,"MISSISSIPPI ALLUVIAL AND SOUTHEAST USA COASTAL PLAINS",31,25458,1989,"Barren Land (Rock/Sand/Clay)"
85,"MISSISSIPPI ALLUVIAL AND SOUTHEAST USA COASTAL PLAINS",41,50,1989,"Deciduous Forest"
85,"MISSISSIPPI ALLUVIAL AND SOUTHEAST USA COASTAL PLAINS",42,156108,1989,"Evergreen Forest"
85,"MISSISSIPPI ALLUVIAL AND SOUTHEAST USA COASTAL PLAINS",43,20,1989,"Mixed Forest"
85,"MISSISSIPPI ALLUVIAL AND SOUTHEAST USA COASTAL PLAINS",52,539,1989,"Shrub/Scrub"
85,"MISSISSIPPI ALLUVIAL AND SOUTHEAST USA COASTAL PLAINS",71,690,1989,"Grassland/Herbaceous"
85,"MISSISSIPPI ALLUVIAL AND SOUTHEAST USA COASTAL PLAINS",81,93,1989,"Pasture/Hay"
85,"MISSISSIPPI ALLUVIAL AND SOUTHEAST USA COASTAL PLAINS",11,43572,2024,"Open Water"
85,"MISSISSIPPI ALLUVIAL AND SOUTHEAST USA COASTAL PLAINS",21,4983,2024,"Developed, Open Space"
85,"MISSISSIPPI ALLUVIAL AND SOUTHEAST USA COASTAL PLAINS",22,1915,2024,"Developed, Low Intensity"
85,"MISSISSIPPI ALLUVIAL AND SOUTHEAST USA COASTAL PLAINS",23,22,2024,"Developed, Medium Intensity"
85,"MISSISSIPPI ALLUVIAL AND SOUTHEAST USA COASTAL PLAINS",31,21215,2024,"Barren Land (Rock/Sand/Clay)"
85,"MISSISSIPPI ALLUVIAL AND SOUTHEAST USA COASTAL PLAINS",41,50,2024,"Deciduous Forest"
85,"MISSISSIPPI ALLUVIAL AND SOUTHEAST USA COASTAL PLAINS",42,140718,2024,"Evergreen Forest"
85,"MISSISSIPPI ALLUVIAL AND SOUTHEAST USA COASTAL PLAINS",43,30,2024,"Mixed Forest"
85,"MISSISSIPPI ALLUVIAL AND SOUTHEAST USA COASTAL PLAINS",52,4127,2024,"Shrub/Scrub"
85,"MISSISSIPPI ALLUVIAL AND SOUTHEAST USA COASTAL PLAINS",71,10808,2024,"Grassland/Herbaceous"
85,"MISSISSIPPI ALLUVIAL AND SOUTHEAST USA COASTAL PLAINS",81,761,2024,"Pasture/Hay"
85,"MISSISSIPPI ALLUVIAL AND SOUTHEAST USA COASTAL PLAINS",82,1617,2024,"Cultivated Crops"
85,"MISSISSIPPI ALLUVIAL AND SOUTHEAST USA COASTAL PLAINS",90,2044725,2024,"Woody Wetlands"
85,"MISSISSIPPI ALLUVIAL AND SOUTHEAST USA COASTAL PLAINS",95,316710,2024,"Emergent Herbaceous Wetlands"
85,"MISSISSIPPI ALLUVIAL AND SOUTHEAST USA COASTAL PLAINS",82,16,1989,"Cultivated Crops"
85,"MISSISSIPPI ALLUVIAL AND SOUTHEAST USA COASTAL PLAINS",90,2029673,1989,"Woody Wetlands"
85,"MISSISSIPPI ALLUVIAL AND SOUTHEAST USA COASTAL PLAINS",95,334509,1989,"Emergent Herbaceous Wetlands"
92,"TEMPERATE PRAIRIES",11,237,2024,"Open Water"
92,"TEMPERATE PRAIRIES",11,255,1989,"Open Water"
92,"TEMPERATE PRAIRIES",21,1,1989,"Developed, Open Space"
92,"TEMPERATE PRAIRIES",90,16071,1989,"Woody Wetlands"
92,"TEMPERATE PRAIRIES",95,7340,1989,"Emergent Herbaceous Wetlands"
92,"TEMPERATE PRAIRIES",21,10,2024,"Developed, Open Space"
92,"TEMPERATE PRAIRIES",22,13,2024,"Developed, Low Intensity"
92,"TEMPERATE PRAIRIES",90,16025,2024,"Woody Wetlands"
92,"TEMPERATE PRAIRIES",95,7382,2024,"Emergent Herbaceous Wetlands"
93,"WEST-CENTRAL SEMIARID PRAIRIES",11,50161,1989,"Open Water"
93,"WEST-CENTRAL SEMIARID PRAIRIES",21,291,1989,"Developed, Open Space"
93,"WEST-CENTRAL SEMIARID PRAIRIES",22,333,1989,"Developed, Low Intensity"
93,"WEST-CENTRAL SEMIARID PRAIRIES",23,305,1989,"Developed, Medium Intensity"
93,"WEST-CENTRAL SEMIARID PRAIRIES",24,1,1989,"Developed High Intensity"
93,"WEST-CENTRAL SEMIARID PRAIRIES",31,172852,1989,"Barren Land (Rock/Sand/Clay)"
93,"WEST-CENTRAL SEMIARID PRAIRIES",41,9904,1989,"Deciduous Forest"
93,"WEST-CENTRAL SEMIARID PRAIRIES",42,10952,1989,"Evergreen Forest"
93,"WEST-CENTRAL SEMIARID PRAIRIES",82,73,1989,"Cultivated Crops"
93,"WEST-CENTRAL SEMIARID PRAIRIES",90,4580,1989,"Woody Wetlands"
93,"WEST-CENTRAL SEMIARID PRAIRIES",95,6987,1989,"Emergent Herbaceous Wetlands"
93,"WEST-CENTRAL SEMIARID PRAIRIES",23,346,2024,"Developed, Medium Intensity"
93,"WEST-CENTRAL SEMIARID PRAIRIES",31,169475,2024,"Barren Land (Rock/Sand/Clay)"
93,"WEST-CENTRAL SEMIARID PRAIRIES",41,11656,2024,"Deciduous Forest"
93,"WEST-CENTRAL SEMIARID PRAIRIES",42,6513,2024,"Evergreen Forest"
93,"WEST-CENTRAL SEMIARID PRAIRIES",43,23444,2024,"Mixed Forest"
93,"WEST-CENTRAL SEMIARID PRAIRIES",52,105667,2024,"Shrub/Scrub"
93,"WEST-CENTRAL SEMIARID PRAIRIES",43,19031,1989,"Mixed Forest"
93,"WEST-CENTRAL SEMIARID PRAIRIES",52,109724,1989,"Shrub/Scrub"
93,"WEST-CENTRAL SEMIARID PRAIRIES",71,263092,1989,"Grassland/Herbaceous"
93,"WEST-CENTRAL SEMIARID PRAIRIES",81,298,1989,"Pasture/Hay"
93,"WEST-CENTRAL SEMIARID PRAIRIES",11,55675,2024,"Open Water"
93,"WEST-CENTRAL SEMIARID PRAIRIES",21,306,2024,"Developed, Open Space"
93,"WEST-CENTRAL SEMIARID PRAIRIES",22,573,2024,"Developed, Low Intensity"
93,"WEST-CENTRAL SEMIARID PRAIRIES",82,69,2024,"Cultivated Crops"
93,"WEST-CENTRAL SEMIARID PRAIRIES",90,4469,2024,"Woody Wetlands"
93,"WEST-CENTRAL SEMIARID PRAIRIES",71,264749,2024,"Grassland/Herbaceous"
93,"WEST-CENTRAL SEMIARID PRAIRIES",81,77,2024,"Pasture/Hay"
93,"WEST-CENTRAL SEMIARID PRAIRIES",95,5565,2024,"Emergent Herbaceous Wetlands"
94,"SOUTH CENTRAL SEMIARID PRAIRIES",11,14,1989,"Open Water"
94,"SOUTH CENTRAL SEMIARID PRAIRIES",21,100,1989,"Developed, Open Space"
94,"SOUTH CENTRAL SEMIARID PRAIRIES",41,3132,1989,"Deciduous Forest"
94,"SOUTH CENTRAL SEMIARID PRAIRIES",42,77585,1989,"Evergreen Forest"
94,"SOUTH CENTRAL SEMIARID PRAIRIES",52,109354,1989,"Shrub/Scrub"
94,"SOUTH CENTRAL SEMIARID PRAIRIES",22,109,1989,"Developed, Low Intensity"
94,"SOUTH CENTRAL SEMIARID PRAIRIES",11,11,2024,"Open Water"
94,"SOUTH CENTRAL SEMIARID PRAIRIES",21,143,2024,"Developed, Open Space"
94,"SOUTH CENTRAL SEMIARID PRAIRIES",22,120,2024,"Developed, Low Intensity"
94,"SOUTH CENTRAL SEMIARID PRAIRIES",41,307,2024,"Deciduous Forest"
94,"SOUTH CENTRAL SEMIARID PRAIRIES",42,83113,2024,"Evergreen Forest"
94,"SOUTH CENTRAL SEMIARID PRAIRIES",52,100567,2024,"Shrub/Scrub"
94,"SOUTH CENTRAL SEMIARID PRAIRIES",71,41681,2024,"Grassland/Herbaceous"
94,"SOUTH CENTRAL SEMIARID PRAIRIES",90,73,2024,"Woody Wetlands"
94,"SOUTH CENTRAL SEMIARID PRAIRIES",71,35651,1989,"Grassland/Herbaceous"
94,"SOUTH CENTRAL SEMIARID PRAIRIES",90,68,1989,"Woody Wetlands"
94,"SOUTH CENTRAL SEMIARID PRAIRIES",95,14,1989,"Emergent Herbaceous Wetlands"
94,"SOUTH CENTRAL SEMIARID PRAIRIES",95,12,2024,"Emergent Herbaceous Wetlands"
95,"TEXAS-LOUISIANA COASTAL PLAIN",11,170,1989,"Open Water"
95,"TEXAS-LOUISIANA COASTAL PLAIN",90,1,1989,"Woody Wetlands"
95,"TEXAS-LOUISIANA COASTAL PLAIN",11,261,2024,"Open Water"
95,"TEXAS-LOUISIANA COASTAL PLAIN",90,1,2024,"Woody Wetlands"
95,"TEXAS-LOUISIANA COASTAL PLAIN",95,15006,2024,"Emergent Herbaceous Wetlands"
95,"TEXAS-LOUISIANA COASTAL PLAIN",95,15097,1989,"Emergent Herbaceous Wetlands"
101,"COLD DESERTS",11,6171,1989,"Open Water"
101,"COLD DESERTS",12,1374,1989,"Perennial Ice/Snow"
101,"COLD DESERTS",21,3638,1989,"Developed, Open Space"
101,"COLD DESERTS",22,4928,1989,"Developed, Low Intensity"
101,"COLD DESERTS",23,687,1989,"Developed, Medium Intensity"
101,"COLD DESERTS",24,85,1989,"Developed High Intensity"
101,"COLD DESERTS",31,1991122,1989,"Barren Land (Rock/Sand/Clay)"
101,"COLD DESERTS",11,5894,2024,"Open Water"
101,"COLD DESERTS",12,1373,2024,"Perennial Ice/Snow"
101,"COLD DESERTS",21,5600,2024,"Developed, Open Space"
101,"COLD DESERTS",22,5814,2024,"Developed, Low Intensity"
101,"COLD DESERTS",23,876,2024,"Developed, Medium Intensity"
101,"COLD DESERTS",24,115,2024,"Developed High Intensity"
101,"COLD DESERTS",31,1873818,2024,"Barren Land (Rock/Sand/Clay)"
101,"COLD DESERTS",41,332744,2024,"Deciduous Forest"
101,"COLD DESERTS",42,6717941,2024,"Evergreen Forest"
101,"COLD DESERTS",43,937,2024,"Mixed Forest"
101,"COLD DESERTS",41,279302,1989,"Deciduous Forest"
101,"COLD DESERTS",42,6708390,1989,"Evergreen Forest"
101,"COLD DESERTS",43,1303,1989,"Mixed Forest"
101,"COLD DESERTS",52,18872897,1989,"Shrub/Scrub"
101,"COLD DESERTS",71,525492,1989,"Grassland/Herbaceous"
101,"COLD DESERTS",81,282,1989,"Pasture/Hay"
101,"COLD DESERTS",82,123,1989,"Cultivated Crops"
101,"COLD DESERTS",90,37653,1989,"Woody Wetlands"
101,"COLD DESERTS",95,2905,1989,"Emergent Herbaceous Wetlands"
101,"COLD DESERTS",82,215,2024,"Cultivated Crops"
101,"COLD DESERTS",52,18307275,2024,"Shrub/Scrub"
101,"COLD DESERTS",71,1141715,2024,"Grassland/Herbaceous"
101,"COLD DESERTS",81,673,2024,"Pasture/Hay"
101,"COLD DESERTS",90,38461,2024,"Woody Wetlands"
101,"COLD DESERTS",95,2901,2024,"Emergent Herbaceous Wetlands"
102,"WARM DESERTS",11,183,1989,"Open Water"
102,"WARM DESERTS",23,1434,1989,"Developed, Medium Intensity"
102,"WARM DESERTS",24,112,1989,"Developed High Intensity"
102,"WARM DESERTS",21,4265,1989,"Developed, Open Space"
102,"WARM DESERTS",22,7786,1989,"Developed, Low Intensity"
102,"WARM DESERTS",81,16,1989,"Pasture/Hay"
102,"WARM DESERTS",82,436,1989,"Cultivated Crops"
102,"WARM DESERTS",90,18069,1989,"Woody Wetlands"
102,"WARM DESERTS",95,30239,1989,"Emergent Herbaceous Wetlands"
102,"WARM DESERTS",24,125,2024,"Developed High Intensity"
102,"WARM DESERTS",31,4774233,2024,"Barren Land (Rock/Sand/Clay)"
102,"WARM DESERTS",41,94,2024,"Deciduous Forest"
102,"WARM DESERTS",31,4631418,1989,"Barren Land (Rock/Sand/Clay)"
102,"WARM DESERTS",41,372,1989,"Deciduous Forest"
102,"WARM DESERTS",42,910777,1989,"Evergreen Forest"
102,"WARM DESERTS",43,313,1989,"Mixed Forest"
102,"WARM DESERTS",52,49563987,1989,"Shrub/Scrub"
102,"WARM DESERTS",71,435394,1989,"Grassland/Herbaceous"
102,"WARM DESERTS",11,240,2024,"Open Water"
102,"WARM DESERTS",21,8389,2024,"Developed, Open Space"
102,"WARM DESERTS",22,9717,2024,"Developed, Low Intensity"
102,"WARM DESERTS",23,2365,2024,"Developed, Medium Intensity"
102,"WARM DESERTS",43,223,2024,"Mixed Forest"
102,"WARM DESERTS",52,48986813,2024,"Shrub/Scrub"
102,"WARM DESERTS",71,965344,2024,"Grassland/Herbaceous"
102,"WARM DESERTS",42,803344,2024,"Evergreen Forest"
102,"WARM DESERTS",82,150,2024,"Cultivated Crops"
102,"WARM DESERTS",90,19791,2024,"Woody Wetlands"
102,"WARM DESERTS",95,33933,2024,"Emergent Herbaceous Wetlands"
102,"WARM DESERTS",81,40,2024,"Pasture/Hay"
111,"MEDITERRANEAN CALIFORNIA",11,1539,1989,"Open Water"
111,"MEDITERRANEAN CALIFORNIA",12,1,1989,"Perennial Ice/Snow"
111,"MEDITERRANEAN CALIFORNIA",21,4205,1989,"Developed, Open Space"
111,"MEDITERRANEAN CALIFORNIA",71,238819,1989,"Grassland/Herbaceous"
111,"MEDITERRANEAN CALIFORNIA",81,7,1989,"Pasture/Hay"
111,"MEDITERRANEAN CALIFORNIA",82,46,1989,"Cultivated Crops"
111,"MEDITERRANEAN CALIFORNIA",90,17369,1989,"Woody Wetlands"
111,"MEDITERRANEAN CALIFORNIA",95,1957,1989,"Emergent Herbaceous Wetlands"
111,"MEDITERRANEAN CALIFORNIA",22,2588,1989,"Developed, Low Intensity"
111,"MEDITERRANEAN CALIFORNIA",23,320,1989,"Developed, Medium Intensity"
111,"MEDITERRANEAN CALIFORNIA",24,5,1989,"Developed High Intensity"
111,"MEDITERRANEAN CALIFORNIA",31,13128,1989,"Barren Land (Rock/Sand/Clay)"
111,"MEDITERRANEAN CALIFORNIA",41,10721,1989,"Deciduous Forest"
111,"MEDITERRANEAN CALIFORNIA",42,1764429,1989,"Evergreen Forest"
111,"MEDITERRANEAN CALIFORNIA",43,776576,1989,"Mixed Forest"
111,"MEDITERRANEAN CALIFORNIA",52,3953741,1989,"Shrub/Scrub"
111,"MEDITERRANEAN CALIFORNIA",11,1323,2024,"Open Water"
111,"MEDITERRANEAN CALIFORNIA",12,1,2024,"Perennial Ice/Snow"
111,"MEDITERRANEAN CALIFORNIA",21,3676,2024,"Developed, Open Space"
111,"MEDITERRANEAN CALIFORNIA",22,3287,2024,"Developed, Low Intensity"
111,"MEDITERRANEAN CALIFORNIA",23,355,2024,"Developed, Medium Intensity"
111,"MEDITERRANEAN CALIFORNIA",24,4,2024,"Developed High Intensity"
111,"MEDITERRANEAN CALIFORNIA",31,13582,2024,"Barren Land (Rock/Sand/Clay)"
111,"MEDITERRANEAN CALIFORNIA",41,4351,2024,"Deciduous Forest"
111,"MEDITERRANEAN CALIFORNIA",42,921312,2024,"Evergreen Forest"
111,"MEDITERRANEAN CALIFORNIA",43,294389,2024,"Mixed Forest"
111,"MEDITERRANEAN CALIFORNIA",52,5179634,2024,"Shrub/Scrub"
111,"MEDITERRANEAN CALIFORNIA",71,345063,2024,"Grassland/Herbaceous"
111,"MEDITERRANEAN CALIFORNIA",81,58,2024,"Pasture/Hay"
111,"MEDITERRANEAN CALIFORNIA",82,119,2024,"Cultivated Crops"
111,"MEDITERRANEAN CALIFORNIA",90,15865,2024,"Woody Wetlands"
111,"MEDITERRANEAN CALIFORNIA",95,2432,2024,"Emergent Herbaceous Wetlands"
121,"WESTERN SIERRA MADRE PIEDMONT",21,314,2024,"Developed, Open Space"
121,"WESTERN SIERRA MADRE PIEDMONT",22,574,2024,"Developed, Low Intensity"
121,"WESTERN SIERRA MADRE PIEDMONT",23,8,2024,"Developed, Medium Intensity"
121,"WESTERN SIERRA MADRE PIEDMONT",21,252,1989,"Developed, Open Space"
121,"WESTERN SIERRA MADRE PIEDMONT",22,269,1989,"Developed, Low Intensity"
121,"WESTERN SIERRA MADRE PIEDMONT",23,7,1989,"Developed, Medium Intensity"
121,"WESTERN SIERRA MADRE PIEDMONT",31,39,1989,"Barren Land (Rock/Sand/Clay)"
121,"WESTERN SIERRA MADRE PIEDMONT",41,86,1989,"Deciduous Forest"
121,"WESTERN SIERRA MADRE PIEDMONT",42,1000024,1989,"Evergreen Forest"
121,"WESTERN SIERRA MADRE PIEDMONT",43,276,1989,"Mixed Forest"
121,"WESTERN SIERRA MADRE PIEDMONT",52,1059785,1989,"Shrub/Scrub"
121,"WESTERN SIERRA MADRE PIEDMONT",71,4783,1989,"Grassland/Herbaceous"
121,"WESTERN SIERRA MADRE PIEDMONT",90,2062,1989,"Woody Wetlands"
121,"WESTERN SIERRA MADRE PIEDMONT",95,21,1989,"Emergent Herbaceous Wetlands"
121,"WESTERN SIERRA MADRE PIEDMONT",41,38,2024,"Deciduous Forest"
121,"WESTERN SIERRA MADRE PIEDMONT",42,648254,2024,"Evergreen Forest"
121,"WESTERN SIERRA MADRE PIEDMONT",43,202,2024,"Mixed Forest"
121,"WESTERN SIERRA MADRE PIEDMONT",31,32,2024,"Barren Land (Rock/Sand/Clay)"
121,"WESTERN SIERRA MADRE PIEDMONT",71,28688,2024,"Grassland/Herbaceous"
121,"WESTERN SIERRA MADRE PIEDMONT",81,7,2024,"Pasture/Hay"
121,"WESTERN SIERRA MADRE PIEDMONT",90,2050,2024,"Woody Wetlands"
121,"WESTERN SIERRA MADRE PIEDMONT",52,1387390,2024,"Shrub/Scrub"
121,"WESTERN SIERRA MADRE PIEDMONT",95,47,2024,"Emergent Herbaceous Wetlands"
131,"UPPER GILA MOUNTAINS",11,2008,1989,"Open Water"
131,"UPPER GILA MOUNTAINS",21,2057,1989,"Developed, Open Space"
131,"UPPER GILA MOUNTAINS",22,5304,1989,"Developed, Low Intensity"
131,"UPPER GILA MOUNTAINS",90,17282,1989,"Woody Wetlands"
131,"UPPER GILA MOUNTAINS",95,1073,1989,"Emergent Herbaceous Wetlands"
131,"UPPER GILA MOUNTAINS",22,7826,2024,"Developed, Low Intensity"
131,"UPPER GILA MOUNTAINS",23,365,2024,"Developed, Medium Intensity"
131,"UPPER GILA MOUNTAINS",23,443,1989,"Developed, Medium Intensity"
131,"UPPER GILA MOUNTAINS",24,1,1989,"Developed High Intensity"
131,"UPPER GILA MOUNTAINS",31,3886,1989,"Barren Land (Rock/Sand/Clay)"
131,"UPPER GILA MOUNTAINS",41,83703,1989,"Deciduous Forest"
131,"UPPER GILA MOUNTAINS",42,5850992,1989,"Evergreen Forest"
131,"UPPER GILA MOUNTAINS",43,85806,1989,"Mixed Forest"
131,"UPPER GILA MOUNTAINS",52,2967818,1989,"Shrub/Scrub"
131,"UPPER GILA MOUNTAINS",71,18603,1989,"Grassland/Herbaceous"
131,"UPPER GILA MOUNTAINS",81,16,1989,"Pasture/Hay"
131,"UPPER GILA MOUNTAINS",11,401,2024,"Open Water"
131,"UPPER GILA MOUNTAINS",21,3813,2024,"Developed, Open Space"
131,"UPPER GILA MOUNTAINS",42,4363314,2024,"Evergreen Forest"
131,"UPPER GILA MOUNTAINS",43,32345,2024,"Mixed Forest"
131,"UPPER GILA MOUNTAINS",31,3764,2024,"Barren Land (Rock/Sand/Clay)"
131,"UPPER GILA MOUNTAINS",41,44896,2024,"Deciduous Forest"
131,"UPPER GILA MOUNTAINS",81,1378,2024,"Pasture/Hay"
131,"UPPER GILA MOUNTAINS",90,17228,2024,"Woody Wetlands"
131,"UPPER GILA MOUNTAINS",52,4076634,2024,"Shrub/Scrub"
131,"UPPER GILA MOUNTAINS",71,485858,2024,"Grassland/Herbaceous"
131,"UPPER GILA MOUNTAINS",95,1170,2024,"Emergent Herbaceous Wetlands"
154,"EVERGLADES",11,214694,1989,"Open Water"
154,"EVERGLADES",21,199,1989,"Developed, Open Space"
154,"EVERGLADES",81,15,1989,"Pasture/Hay"
154,"EVERGLADES",82,8,1989,"Cultivated Crops"
154,"EVERGLADES",90,1161320,1989,"Woody Wetlands"
154,"EVERGLADES",95,2099719,1989,"Emergent Herbaceous Wetlands"
154,"EVERGLADES",22,159,1989,"Developed, Low Intensity"
154,"EVERGLADES",23,88,1989,"Developed, Medium Intensity"
154,"EVERGLADES",24,2,1989,"Developed High Intensity"
154,"EVERGLADES",31,175,1989,"Barren Land (Rock/Sand/Clay)"
154,"EVERGLADES",41,1,1989,"Deciduous Forest"
154,"EVERGLADES",42,12105,1989,"Evergreen Forest"
154,"EVERGLADES",43,2588,1989,"Mixed Forest"
154,"EVERGLADES",52,9876,1989,"Shrub/Scrub"
154,"EVERGLADES",71,1045,1989,"Grassland/Herbaceous"
154,"EVERGLADES",11,207551,2024,"Open Water"
154,"EVERGLADES",21,49,2024,"Developed, Open Space"
154,"EVERGLADES",22,279,2024,"Developed, Low Intensity"
154,"EVERGLADES",23,169,2024,"Developed, Medium Intensity"
154,"EVERGLADES",24,29,2024,"Developed High Intensity"
154,"EVERGLADES",31,305,2024,"Barren Land (Rock/Sand/Clay)"
154,"EVERGLADES",42,10045,2024,"Evergreen Forest"
154,"EVERGLADES",43,5375,2024,"Mixed Forest"
154,"EVERGLADES",52,8548,2024,"Shrub/Scrub"
154,"EVERGLADES",71,560,2024,"Grassland/Herbaceous"
154,"EVERGLADES",81,841,2024,"Pasture/Hay"
154,"EVERGLADES",82,25,2024,"Cultivated Crops"
154,"EVERGLADES",90,1124212,2024,"Woody Wetlands"
154,"EVERGLADES",95,2144006,2024,"Emergent Herbaceous Wetlands"
