nlcd_class,GEOID,pixel_count,year,NAME,Class
11,1,2,1989,Alabama,Open Water
11,31,489,1989,Nebraska,Open Water
11,25,2314,2024,Massachusetts,Open Water
11,42,426,2024,Pennsylvania,Open Water
11,4,580,2024,Arizona,Open Water
11,29,277,2024,Missouri,Open Water
11,18,619,1989,Indiana,Open Water
11,51,64,2024,Virginia,Open Water
11,48,541,1989,Texas,Open Water
11,55,5089,2024,Wisconsin,Open Water
11,39,26,2024,Ohio,Open Water
11,4,2100,1989,Arizona,Open Water
11,32,543,1989,Nevada,Open Water
11,29,648,1989,Missouri,Open Water
11,45,11017,2024,South Carolina,Open Water
11,8,30829,1989,Colorado,Open Water
11,45,10375,1989,South Carolina,Open Water
11,40,11,2024,Oklahoma,Open Water
11,21,22,1989,Kentucky,Open Water
11,53,72596,2024,Washington,Open Water
11,49,21577,1989,Utah,Open Water
11,40,14,1989,Oklahoma,Open Water
11,36,418,1989,New York,Open Water
11,50,751,1989,Vermont,Open Water
11,12,627025,2024,Florida,Open Water
11,37,4415,2024,North Carolina,Open Water
11,5,2615,1989,Arkansas,Open Water
11,22,17549,1989,Louisiana,Open Water
11,17,347,2024,Illinois,Open Water
11,27,893194,1989,Minnesota,Open Water
11,23,1729,2024,Maine,Open Water
11,12,633835,1989,Florida,Open Water
11,6,113869,2024,California,Open Water
11,34,5321,2024,New Jersey,Open Water
11,31,443,2024,Nebraska,Open Water
11,54,69,2024,West Virginia,Open Water
11,48,520,2024,Texas,Open Water
11,34,5207,1989,New Jersey,Open Water
11,23,1815,1989,Maine,Open Water
11,6,121708,1989,California,Open Water
11,28,1046,1989,Mississippi,Open Water
11,38,10214,1989,North Dakota,Open Water
11,39,30,1989,Ohio,Open Water
11,35,559,2024,New Mexico,Open Water
11,36,462,2024,New York,Open Water
11,32,604,2024,Nevada,Open Water
11,13,7017,1989,Georgia,Open Water
11,35,532,1989,New Mexico,Open Water
11,8,30391,2024,Colorado,Open Water
11,27,864304,2024,Minnesota,Open Water
11,25,2423,1989,Massachusetts,Open Water
11,21,11,2024,Kentucky,Open Water
11,47,90,2024,Tennessee,Open Water
11,16,38878,2024,Idaho,Open Water
11,33,321,1989,New Hampshire,Open Water
11,5,1899,2024,Arkansas,Open Water
11,26,86901,1989,Michigan,Open Water
11,37,3533,1989,North Carolina,Open Water
11,41,29676,1989,Oregon,Open Water
11,50,533,2024,Vermont,Open Water
11,49,21445,2024,Utah,Open Water
11,33,290,2024,New Hampshire,Open Water
11,17,486,1989,Illinois,Open Water
11,18,566,2024,Indiana,Open Water
11,38,15795,2024,North Dakota,Open Water
11,28,1636,2024,Mississippi,Open Water
11,30,132717,1989,Montana,Open Water
11,26,84565,2024,Michigan,Open Water
11,56,87667,2024,Wyoming,Open Water
11,41,26111,2024,Oregon,Open Water
11,51,92,1989,Virginia,Open Water
11,47,71,1989,Tennessee,Open Water
11,42,429,1989,Pennsylvania,Open Water
11,16,37057,1989,Idaho,Open Water
11,30,131181,2024,Montana,Open Water
11,22,22564,2024,Louisiana,Open Water
11,13,6752,2024,Georgia,Open Water
11,54,68,1989,West Virginia,Open Water
11,56,88633,1989,Wyoming,Open Water
11,55,5457,1989,Wisconsin,Open Water
11,53,78171,1989,Washington,Open Water
12,53,531732,1989,Washington,Perennial Ice/Snow
12,49,508,1989,Utah,Perennial Ice/Snow
12,6,49274,1989,California,Perennial Ice/Snow
12,49,508,2024,Utah,Perennial Ice/Snow
12,53,531732,2024,Washington,Perennial Ice/Snow
12,35,3,1989,New Mexico,Perennial Ice/Snow
12,56,55271,1989,Wyoming,Perennial Ice/Snow
12,8,7669,2024,Colorado,Perennial Ice/Snow
12,32,19,1989,Nevada,Perennial Ice/Snow
12,16,11684,2024,Idaho,Perennial Ice/Snow
12,30,28283,1989,Montana,Perennial Ice/Snow
12,35,3,2024,New Mexico,Perennial Ice/Snow
12,41,29056,2024,Oregon,Perennial Ice/Snow
12,8,7669,1989,Colorado,Perennial Ice/Snow
12,16,11684,1989,Idaho,Perennial Ice/Snow
12,32,19,2024,Nevada,Perennial Ice/Snow
12,30,28283,2024,Montana,Perennial Ice/Snow
12,6,49273,2024,California,Perennial Ice/Snow
12,56,55271,2024,Wyoming,Perennial Ice/Snow
12,41,29056,1989,Oregon,Perennial Ice/Snow
21,35,4931,2024,New Mexico,"Developed, Open Space"
21,31,13,1989,Nebraska,"Developed, Open Space"
21,4,2726,1989,Arizona,"Developed, Open Space"
21,45,233,1989,South Carolina,"Developed, Open Space"
21,22,8,1989,Louisiana,"Developed, Open Space"
21,1,1467,1989,Alabama,"Developed, Open Space"
21,26,2475,1989,Michigan,"Developed, Open Space"
21,23,84,2024,Maine,"Developed, Open Space"
21,6,25227,1989,California,"Developed, Open Space"
21,34,56,2024,New Jersey,"Developed, Open Space"
21,46,32,2024,South Dakota,"Developed, Open Space"
21,29,1467,1989,Missouri,"Developed, Open Space"
21,42,42,2024,Pennsylvania,"Developed, Open Space"
21,56,3093,2024,Wyoming,"Developed, Open Space"
21,30,3606,1989,Montana,"Developed, Open Space"
21,38,187,1989,North Dakota,"Developed, Open Space"
21,32,577,1989,Nevada,"Developed, Open Space"
21,16,2937,2024,Idaho,"Developed, Open Space"
21,4,4565,2024,Arizona,"Developed, Open Space"
21,41,10575,2024,Oregon,"Developed, Open Space"
21,8,2354,1989,Colorado,"Developed, Open Space"
21,27,201,1989,Minnesota,"Developed, Open Space"
21,8,3030,2024,Colorado,"Developed, Open Space"
21,21,127,2024,Kentucky,"Developed, Open Space"
21,12,4177,2024,Florida,"Developed, Open Space"
21,37,1605,2024,North Carolina,"Developed, Open Space"
21,18,348,2024,Indiana,"Developed, Open Space"
21,23,77,1989,Maine,"Developed, Open Space"
21,28,290,1989,Mississippi,"Developed, Open Space"
21,5,4727,1989,Arkansas,"Developed, Open Space"
21,45,231,2024,South Carolina,"Developed, Open Space"
21,37,1597,1989,North Carolina,"Developed, Open Space"
21,6,27870,2024,California,"Developed, Open Space"
21,49,2756,1989,Utah,"Developed, Open Space"
21,27,277,2024,Minnesota,"Developed, Open Space"
21,16,1560,1989,Idaho,"Developed, Open Space"
21,49,3633,2024,Utah,"Developed, Open Space"
21,55,1265,2024,Wisconsin,"Developed, Open Space"
21,47,220,2024,Tennessee,"Developed, Open Space"
21,13,1155,2024,Georgia,"Developed, Open Space"
21,34,57,1989,New Jersey,"Developed, Open Space"
21,46,66,1989,South Dakota,"Developed, Open Space"
21,17,1248,2024,Illinois,"Developed, Open Space"
21,35,2964,1989,New Mexico,"Developed, Open Space"
21,33,1438,1989,New Hampshire,"Developed, Open Space"
21,41,9168,1989,Oregon,"Developed, Open Space"
21,53,6538,2024,Washington,"Developed, Open Space"
21,50,182,2024,Vermont,"Developed, Open Space"
21,48,1368,2024,Texas,"Developed, Open Space"
21,48,1273,1989,Texas,"Developed, Open Space"
21,53,4995,1989,Washington,"Developed, Open Space"
21,47,181,1989,Tennessee,"Developed, Open Space"
21,54,586,1989,West Virginia,"Developed, Open Space"
21,38,179,2024,North Dakota,"Developed, Open Space"
21,28,289,2024,Mississippi,"Developed, Open Space"
21,12,4399,1989,Florida,"Developed, Open Space"
21,1,1491,2024,Alabama,"Developed, Open Space"
21,40,180,1989,Oklahoma,"Developed, Open Space"
21,5,4969,2024,Arkansas,"Developed, Open Space"
21,50,193,1989,Vermont,"Developed, Open Space"
21,26,2667,2024,Michigan,"Developed, Open Space"
21,33,1276,2024,New Hampshire,"Developed, Open Space"
21,51,2193,2024,Virginia,"Developed, Open Space"
21,54,574,2024,West Virginia,"Developed, Open Space"
21,51,2144,1989,Virginia,"Developed, Open Space"
21,22,6,2024,Louisiana,"Developed, Open Space"
21,17,1234,1989,Illinois,"Developed, Open Space"
21,30,5168,2024,Montana,"Developed, Open Space"
21,42,33,1989,Pennsylvania,"Developed, Open Space"
21,31,10,2024,Nebraska,"Developed, Open Space"
21,13,1125,1989,Georgia,"Developed, Open Space"
21,55,1295,1989,Wisconsin,"Developed, Open Space"
21,56,1909,1989,Wyoming,"Developed, Open Space"
21,18,344,1989,Indiana,"Developed, Open Space"
21,40,178,2024,Oklahoma,"Developed, Open Space"
21,32,2088,2024,Nevada,"Developed, Open Space"
21,29,1548,2024,Missouri,"Developed, Open Space"
21,21,112,1989,Kentucky,"Developed, Open Space"
22,35,5181,2024,New Mexico,"Developed, Low Intensity"
22,4,6030,2024,Arizona,"Developed, Low Intensity"
22,41,5316,2024,Oregon,"Developed, Low Intensity"
22,12,1905,2024,Florida,"Developed, Low Intensity"
22,16,4979,2024,Idaho,"Developed, Low Intensity"
22,8,3097,1989,Colorado,"Developed, Low Intensity"
22,38,90,1989,North Dakota,"Developed, Low Intensity"
22,1,25,1989,Alabama,"Developed, Low Intensity"
22,36,17,2024,New York,"Developed, Low Intensity"
22,31,1,1989,Nebraska,"Developed, Low Intensity"
22,27,67,1989,Minnesota,"Developed, Low Intensity"
22,29,63,1989,Missouri,"Developed, Low Intensity"
22,48,183,1989,Texas,"Developed, Low Intensity"
22,46,96,1989,South Dakota,"Developed, Low Intensity"
22,4,4437,1989,Arizona,"Developed, Low Intensity"
22,23,182,1989,Maine,"Developed, Low Intensity"
22,30,10607,1989,Montana,"Developed, Low Intensity"
22,32,3110,1989,Nevada,"Developed, Low Intensity"
22,28,65,1989,Mississippi,"Developed, Low Intensity"
22,26,305,1989,Michigan,"Developed, Low Intensity"
22,41,4170,1989,Oregon,"Developed, Low Intensity"
22,45,28,2024,South Carolina,"Developed, Low Intensity"
22,53,4139,1989,Washington,"Developed, Low Intensity"
22,33,484,2024,New Hampshire,"Developed, Low Intensity"
22,37,264,2024,North Carolina,"Developed, Low Intensity"
22,46,175,2024,South Dakota,"Developed, Low Intensity"
22,17,60,2024,Illinois,"Developed, Low Intensity"
22,34,5,1989,New Jersey,"Developed, Low Intensity"
22,55,158,2024,Wisconsin,"Developed, Low Intensity"
22,6,22063,1989,California,"Developed, Low Intensity"
22,13,161,1989,Georgia,"Developed, Low Intensity"
22,6,26580,2024,California,"Developed, Low Intensity"
22,33,305,1989,New Hampshire,"Developed, Low Intensity"
22,42,1,2024,Pennsylvania,"Developed, Low Intensity"
22,28,67,2024,Mississippi,"Developed, Low Intensity"
22,49,2616,2024,Utah,"Developed, Low Intensity"
22,54,95,2024,West Virginia,"Developed, Low Intensity"
22,47,13,2024,Tennessee,"Developed, Low Intensity"
22,38,161,2024,North Dakota,"Developed, Low Intensity"
22,50,43,2024,Vermont,"Developed, Low Intensity"
22,18,6,2024,Indiana,"Developed, Low Intensity"
22,13,198,2024,Georgia,"Developed, Low Intensity"
22,21,12,2024,Kentucky,"Developed, Low Intensity"
22,35,3451,1989,New Mexico,"Developed, Low Intensity"
22,12,1506,1989,Florida,"Developed, Low Intensity"
22,5,66,1989,Arkansas,"Developed, Low Intensity"
22,16,3210,1989,Idaho,"Developed, Low Intensity"
22,50,30,1989,Vermont,"Developed, Low Intensity"
22,8,3902,2024,Colorado,"Developed, Low Intensity"
22,48,166,2024,Texas,"Developed, Low Intensity"
22,47,14,1989,Tennessee,"Developed, Low Intensity"
22,36,19,1989,New York,"Developed, Low Intensity"
22,17,41,1989,Illinois,"Developed, Low Intensity"
22,54,38,1989,West Virginia,"Developed, Low Intensity"
22,53,6424,2024,Washington,"Developed, Low Intensity"
22,26,333,2024,Michigan,"Developed, Low Intensity"
22,56,8578,2024,Wyoming,"Developed, Low Intensity"
22,49,2212,1989,Utah,"Developed, Low Intensity"
22,27,272,2024,Minnesota,"Developed, Low Intensity"
22,34,5,2024,New Jersey,"Developed, Low Intensity"
22,29,74,2024,Missouri,"Developed, Low Intensity"
22,40,3,1989,Oklahoma,"Developed, Low Intensity"
22,31,30,2024,Nebraska,"Developed, Low Intensity"
22,1,36,2024,Alabama,"Developed, Low Intensity"
22,56,7277,1989,Wyoming,"Developed, Low Intensity"
22,23,182,2024,Maine,"Developed, Low Intensity"
22,5,83,2024,Arkansas,"Developed, Low Intensity"
22,51,229,1989,Virginia,"Developed, Low Intensity"
22,32,3910,2024,Nevada,"Developed, Low Intensity"
22,18,6,1989,Indiana,"Developed, Low Intensity"
22,40,3,2024,Oklahoma,"Developed, Low Intensity"
22,37,210,1989,North Carolina,"Developed, Low Intensity"
22,51,250,2024,Virginia,"Developed, Low Intensity"
22,45,20,1989,South Carolina,"Developed, Low Intensity"
22,55,139,1989,Wisconsin,"Developed, Low Intensity"
22,21,10,1989,Kentucky,"Developed, Low Intensity"
22,30,13478,2024,Montana,"Developed, Low Intensity"
23,53,2290,2024,Washington,"Developed, Medium Intensity"
23,27,18,2024,Minnesota,"Developed, Medium Intensity"
23,51,4,2024,Virginia,"Developed, Medium Intensity"
23,16,215,1989,Idaho,"Developed, Medium Intensity"
23,33,34,2024,New Hampshire,"Developed, Medium Intensity"
23,53,872,1989,Washington,"Developed, Medium Intensity"
23,41,322,1989,Oregon,"Developed, Medium Intensity"
23,56,2852,2024,Wyoming,"Developed, Medium Intensity"
23,41,1128,2024,Oregon,"Developed, Medium Intensity"
23,54,2,2024,West Virginia,"Developed, Medium Intensity"
23,36,13,1989,New York,"Developed, Medium Intensity"
23,12,111,1989,Florida,"Developed, Medium Intensity"
23,6,3728,2024,California,"Developed, Medium Intensity"
23,51,2,1989,Virginia,"Developed, Medium Intensity"
23,12,178,2024,Florida,"Developed, Medium Intensity"
23,4,201,2024,Arizona,"Developed, Medium Intensity"
23,32,311,2024,Nevada,"Developed, Medium Intensity"
23,26,6,1989,Michigan,"Developed, Medium Intensity"
23,30,2097,1989,Montana,"Developed, Medium Intensity"
23,50,6,2024,Vermont,"Developed, Medium Intensity"
23,16,439,2024,Idaho,"Developed, Medium Intensity"
23,32,175,1989,Nevada,"Developed, Medium Intensity"
23,8,470,2024,Colorado,"Developed, Medium Intensity"
23,35,301,2024,New Mexico,"Developed, Medium Intensity"
23,36,10,2024,New York,"Developed, Medium Intensity"
23,38,3,1989,North Dakota,"Developed, Medium Intensity"
23,49,383,2024,Utah,"Developed, Medium Intensity"
23,49,328,1989,Utah,"Developed, Medium Intensity"
23,26,10,2024,Michigan,"Developed, Medium Intensity"
23,30,1629,2024,Montana,"Developed, Medium Intensity"
23,6,2720,1989,California,"Developed, Medium Intensity"
23,13,9,1989,Georgia,"Developed, Medium Intensity"
23,8,574,1989,Colorado,"Developed, Medium Intensity"
23,28,3,1989,Mississippi,"Developed, Medium Intensity"
23,17,1,1989,Illinois,"Developed, Medium Intensity"
23,13,3,2024,Georgia,"Developed, Medium Intensity"
23,56,2980,1989,Wyoming,"Developed, Medium Intensity"
23,38,8,2024,North Dakota,"Developed, Medium Intensity"
23,45,1,2024,South Carolina,"Developed, Medium Intensity"
23,4,120,1989,Arizona,"Developed, Medium Intensity"
23,35,416,1989,New Mexico,"Developed, Medium Intensity"
23,37,5,2024,North Carolina,"Developed, Medium Intensity"
23,46,3,1989,South Dakota,"Developed, Medium Intensity"
23,46,1,2024,South Dakota,"Developed, Medium Intensity"
24,41,11,2024,Oregon,Developed High Intensity
24,8,15,1989,Colorado,Developed High Intensity
24,30,18,1989,Montana,Developed High Intensity
24,12,2,1989,Florida,Developed High Intensity
24,56,85,1989,Wyoming,Developed High Intensity
24,6,145,2024,California,Developed High Intensity
24,49,93,2024,Utah,Developed High Intensity
24,6,128,1989,California,Developed High Intensity
24,12,29,2024,Florida,Developed High Intensity
24,8,16,2024,Colorado,Developed High Intensity
24,4,1,2024,Arizona,Developed High Intensity
24,49,68,1989,Utah,Developed High Intensity
24,41,6,1989,Oregon,Developed High Intensity
24,16,2,1989,Idaho,Developed High Intensity
24,35,1,1989,New Mexico,Developed High Intensity
24,30,8,2024,Montana,Developed High Intensity
24,53,9,2024,Washington,Developed High Intensity
24,56,90,2024,Wyoming,Developed High Intensity
24,53,11,1989,Washington,Developed High Intensity
24,4,1,1989,Arizona,Developed High Intensity
24,16,6,2024,Idaho,Developed High Intensity
31,38,661,1989,North Dakota,Barren Land (Rock/Sand/Clay)
31,16,529524,2024,Idaho,Barren Land (Rock/Sand/Clay)
31,30,903061,1989,Montana,Barren Land (Rock/Sand/Clay)
31,32,1021986,1989,Nevada,Barren Land (Rock/Sand/Clay)
31,33,2535,1989,New Hampshire,Barren Land (Rock/Sand/Clay)
31,41,411501,2024,Oregon,Barren Land (Rock/Sand/Clay)
31,47,2,1989,Tennessee,Barren Land (Rock/Sand/Clay)
31,45,688,2024,South Carolina,Barren Land (Rock/Sand/Clay)
31,1,22,1989,Alabama,Barren Land (Rock/Sand/Clay)
31,28,7223,1989,Mississippi,Barren Land (Rock/Sand/Clay)
31,37,248,2024,North Carolina,Barren Land (Rock/Sand/Clay)
31,22,8306,1989,Louisiana,Barren Land (Rock/Sand/Clay)
31,23,3,1989,Maine,Barren Land (Rock/Sand/Clay)
31,25,5730,2024,Massachusetts,Barren Land (Rock/Sand/Clay)
31,51,549,2024,Virginia,Barren Land (Rock/Sand/Clay)
31,5,1598,1989,Arkansas,Barren Land (Rock/Sand/Clay)
31,8,1514499,2024,Colorado,Barren Land (Rock/Sand/Clay)
31,47,2,2024,Tennessee,Barren Land (Rock/Sand/Clay)
31,34,1796,2024,New Jersey,Barren Land (Rock/Sand/Clay)
31,4,117318,1989,Arizona,Barren Land (Rock/Sand/Clay)
31,54,793,2024,West Virginia,Barren Land (Rock/Sand/Clay)
31,29,1038,1989,Missouri,Barren Land (Rock/Sand/Clay)
31,26,31710,2024,Michigan,Barren Land (Rock/Sand/Clay)
31,32,980462,2024,Nevada,Barren Land (Rock/Sand/Clay)
31,16,495488,1989,Idaho,Barren Land (Rock/Sand/Clay)
31,41,395907,1989,Oregon,Barren Land (Rock/Sand/Clay)
31,12,808,2024,Florida,Barren Land (Rock/Sand/Clay)
31,46,168997,2024,South Dakota,Barren Land (Rock/Sand/Clay)
31,18,7,2024,Indiana,Barren Land (Rock/Sand/Clay)
31,39,1,2024,Ohio,Barren Land (Rock/Sand/Clay)
31,46,172158,1989,South Dakota,Barren Land (Rock/Sand/Clay)
31,23,3,2024,Maine,Barren Land (Rock/Sand/Clay)
31,34,1022,1989,New Jersey,Barren Land (Rock/Sand/Clay)
31,39,1,1989,Ohio,Barren Land (Rock/Sand/Clay)
31,36,2266,1989,New York,Barren Land (Rock/Sand/Clay)
31,40,22,1989,Oklahoma,Barren Land (Rock/Sand/Clay)
31,56,1504904,2024,Wyoming,Barren Land (Rock/Sand/Clay)
31,48,145,1989,Texas,Barren Land (Rock/Sand/Clay)
31,53,1870342,1989,Washington,Barren Land (Rock/Sand/Clay)
31,13,4355,2024,Georgia,Barren Land (Rock/Sand/Clay)
31,55,1036,2024,Wisconsin,Barren Land (Rock/Sand/Clay)
31,49,639232,2024,Utah,Barren Land (Rock/Sand/Clay)
31,49,655990,1989,Utah,Barren Land (Rock/Sand/Clay)
31,51,571,1989,Virginia,Barren Land (Rock/Sand/Clay)
31,6,7688464,1989,California,Barren Land (Rock/Sand/Clay)
31,38,412,2024,North Dakota,Barren Land (Rock/Sand/Clay)
31,48,59,2024,Texas,Barren Land (Rock/Sand/Clay)
31,50,89,2024,Vermont,Barren Land (Rock/Sand/Clay)
31,13,4998,1989,Georgia,Barren Land (Rock/Sand/Clay)
31,5,2351,2024,Arkansas,Barren Land (Rock/Sand/Clay)
31,27,350,1989,Minnesota,Barren Land (Rock/Sand/Clay)
31,35,53870,1989,New Mexico,Barren Land (Rock/Sand/Clay)
31,27,769,2024,Minnesota,Barren Land (Rock/Sand/Clay)
31,36,2499,2024,New York,Barren Land (Rock/Sand/Clay)
31,4,195856,2024,Arizona,Barren Land (Rock/Sand/Clay)
31,29,1067,2024,Missouri,Barren Land (Rock/Sand/Clay)
31,1,23,2024,Alabama,Barren Land (Rock/Sand/Clay)
31,53,1924400,2024,Washington,Barren Land (Rock/Sand/Clay)
31,33,2804,2024,New Hampshire,Barren Land (Rock/Sand/Clay)
31,26,33133,1989,Michigan,Barren Land (Rock/Sand/Clay)
31,50,72,1989,Vermont,Barren Land (Rock/Sand/Clay)
31,28,7707,2024,Mississippi,Barren Land (Rock/Sand/Clay)
31,54,862,1989,West Virginia,Barren Land (Rock/Sand/Clay)
31,30,961106,2024,Montana,Barren Land (Rock/Sand/Clay)
31,25,5603,1989,Massachusetts,Barren Land (Rock/Sand/Clay)
31,56,1462365,1989,Wyoming,Barren Land (Rock/Sand/Clay)
31,12,1466,1989,Florida,Barren Land (Rock/Sand/Clay)
31,37,91,1989,North Carolina,Barren Land (Rock/Sand/Clay)
31,55,1318,1989,Wisconsin,Barren Land (Rock/Sand/Clay)
31,8,1498617,1989,Colorado,Barren Land (Rock/Sand/Clay)
31,35,55168,2024,New Mexico,Barren Land (Rock/Sand/Clay)
31,6,7736849,2024,California,Barren Land (Rock/Sand/Clay)
31,18,5,1989,Indiana,Barren Land (Rock/Sand/Clay)
31,22,3921,2024,Louisiana,Barren Land (Rock/Sand/Clay)
31,40,19,2024,Oklahoma,Barren Land (Rock/Sand/Clay)
31,45,769,1989,South Carolina,Barren Land (Rock/Sand/Clay)
41,6,100585,1989,California,Deciduous Forest
41,38,7962,1989,North Dakota,Deciduous Forest
41,47,187329,2024,Tennessee,Deciduous Forest
41,39,248,1989,Ohio,Deciduous Forest
41,22,182,1989,Louisiana,Deciduous Forest
41,47,179796,1989,Tennessee,Deciduous Forest
41,33,142921,1989,New Hampshire,Deciduous Forest
41,31,1934,1989,Nebraska,Deciduous Forest
41,29,223667,1989,Missouri,Deciduous Forest
41,5,492951,1989,Arkansas,Deciduous Forest
41,46,1,2024,South Dakota,Deciduous Forest
41,28,3,1989,Mississippi,Deciduous Forest
41,4,30502,1989,Arizona,Deciduous Forest
41,53,2569,1989,Washington,Deciduous Forest
41,1,131370,1989,Alabama,Deciduous Forest
41,27,206980,2024,Minnesota,Deciduous Forest
41,34,359,1989,New Jersey,Deciduous Forest
41,35,157757,1989,New Mexico,Deciduous Forest
41,30,1977,1989,Montana,Deciduous Forest
41,18,48948,2024,Indiana,Deciduous Forest
41,4,14575,2024,Arizona,Deciduous Forest
41,37,184241,2024,North Carolina,Deciduous Forest
41,23,25892,1989,Maine,Deciduous Forest
41,8,812761,2024,Colorado,Deciduous Forest
41,40,39956,1989,Oklahoma,Deciduous Forest
41,30,2594,2024,Montana,Deciduous Forest
41,21,11805,2024,Kentucky,Deciduous Forest
41,38,9550,2024,North Dakota,Deciduous Forest
41,42,17923,2024,Pennsylvania,Deciduous Forest
41,50,332216,2024,Vermont,Deciduous Forest
41,13,316070,2024,Georgia,Deciduous Forest
41,41,12511,1989,Oregon,Deciduous Forest
41,16,1421,1989,Idaho,Deciduous Forest
41,17,126551,2024,Illinois,Deciduous Forest
41,41,18698,2024,Oregon,Deciduous Forest
41,33,141763,2024,New Hampshire,Deciduous Forest
41,32,261481,2024,Nevada,Deciduous Forest
41,53,4728,2024,Washington,Deciduous Forest
41,48,111,1989,Texas,Deciduous Forest
41,50,332548,1989,Vermont,Deciduous Forest
41,54,263894,1989,West Virginia,Deciduous Forest
41,49,133586,1989,Utah,Deciduous Forest
41,17,126680,1989,Illinois,Deciduous Forest
41,32,207474,1989,Nevada,Deciduous Forest
41,26,261427,2024,Michigan,Deciduous Forest
41,56,18381,2024,Wyoming,Deciduous Forest
41,54,265139,2024,West Virginia,Deciduous Forest
41,56,18760,1989,Wyoming,Deciduous Forest
41,1,145156,2024,Alabama,Deciduous Forest
41,23,26437,2024,Maine,Deciduous Forest
41,13,301690,1989,Georgia,Deciduous Forest
41,48,513,2024,Texas,Deciduous Forest
41,39,249,2024,Ohio,Deciduous Forest
41,5,492966,2024,Arkansas,Deciduous Forest
41,12,1,1989,Florida,Deciduous Forest
41,49,143939,2024,Utah,Deciduous Forest
41,6,66097,2024,California,Deciduous Forest
41,51,795039,1989,Virginia,Deciduous Forest
41,51,793253,2024,Virginia,Deciduous Forest
41,22,66,2024,Louisiana,Deciduous Forest
41,27,144829,1989,Minnesota,Deciduous Forest
41,34,435,2024,New Jersey,Deciduous Forest
41,55,96438,1989,Wisconsin,Deciduous Forest
41,16,2664,2024,Idaho,Deciduous Forest
41,35,128010,2024,New Mexico,Deciduous Forest
41,55,85021,2024,Wisconsin,Deciduous Forest
41,40,37186,2024,Oklahoma,Deciduous Forest
41,8,818749,1989,Colorado,Deciduous Forest
41,18,48494,1989,Indiana,Deciduous Forest
41,45,3284,2024,South Carolina,Deciduous Forest
41,37,166645,1989,North Carolina,Deciduous Forest
41,26,279876,1989,Michigan,Deciduous Forest
41,29,223320,2024,Missouri,Deciduous Forest
41,31,2099,2024,Nebraska,Deciduous Forest
41,21,13066,1989,Kentucky,Deciduous Forest
41,45,3152,1989,South Carolina,Deciduous Forest
41,42,17782,1989,Pennsylvania,Deciduous Forest
42,31,5032,1989,Nebraska,Evergreen Forest
42,18,2497,2024,Indiana,Evergreen Forest
42,54,62673,2024,West Virginia,Evergreen Forest
42,46,57107,1989,South Dakota,Evergreen Forest
42,46,57239,2024,South Dakota,Evergreen Forest
42,47,19529,1989,Tennessee,Evergreen Forest
42,30,9917543,1989,Montana,Evergreen Forest
42,1,28043,1989,Alabama,Evergreen Forest
42,33,338348,1989,New Hampshire,Evergreen Forest
42,6,14533419,1989,California,Evergreen Forest
42,23,39987,1989,Maine,Evergreen Forest
42,53,12984530,2024,Washington,Evergreen Forest
42,29,31964,1989,Missouri,Evergreen Forest
42,35,5716628,1989,New Mexico,Evergreen Forest
42,22,25001,1989,Louisiana,Evergreen Forest
42,5,93505,1989,Arkansas,Evergreen Forest
42,28,9969,1989,Mississippi,Evergreen Forest
42,17,13131,2024,Illinois,Evergreen Forest
42,50,45222,2024,Vermont,Evergreen Forest
42,13,60685,2024,Georgia,Evergreen Forest
42,8,7950841,2024,Colorado,Evergreen Forest
42,51,12090,2024,Virginia,Evergreen Forest
42,55,27697,1989,Wisconsin,Evergreen Forest
42,28,10135,2024,Mississippi,Evergreen Forest
42,47,10459,2024,Tennessee,Evergreen Forest
42,37,15270,2024,North Carolina,Evergreen Forest
42,40,15373,1989,Oklahoma,Evergreen Forest
42,12,104301,2024,Florida,Evergreen Forest
42,49,2317880,2024,Utah,Evergreen Forest
42,6,10081644,2024,California,Evergreen Forest
42,48,201645,2024,Texas,Evergreen Forest
42,38,521,2024,North Dakota,Evergreen Forest
42,56,5281379,2024,Wyoming,Evergreen Forest
42,39,1,2024,Ohio,Evergreen Forest
42,27,1298379,2024,Minnesota,Evergreen Forest
42,41,6345198,2024,Oregon,Evergreen Forest
42,18,2487,1989,Indiana,Evergreen Forest
42,4,2210884,2024,Arizona,Evergreen Forest
42,21,6413,1989,Kentucky,Evergreen Forest
42,49,2600059,1989,Utah,Evergreen Forest
42,30,8196655,2024,Montana,Evergreen Forest
42,21,3333,2024,Kentucky,Evergreen Forest
42,17,13156,1989,Illinois,Evergreen Forest
42,54,62495,1989,West Virginia,Evergreen Forest
42,23,40200,2024,Maine,Evergreen Forest
42,53,14535799,1989,Washington,Evergreen Forest
42,45,3149,1989,South Carolina,Evergreen Forest
42,55,30922,2024,Wisconsin,Evergreen Forest
42,48,223363,1989,Texas,Evergreen Forest
42,50,45231,1989,Vermont,Evergreen Forest
42,33,342042,2024,New Hampshire,Evergreen Forest
42,13,60307,1989,Georgia,Evergreen Forest
42,31,2446,2024,Nebraska,Evergreen Forest
42,42,1604,2024,Pennsylvania,Evergreen Forest
42,37,16516,1989,North Carolina,Evergreen Forest
42,5,91493,2024,Arkansas,Evergreen Forest
42,8,8610801,1989,Colorado,Evergreen Forest
42,16,13126157,1989,Idaho,Evergreen Forest
42,26,148524,2024,Michigan,Evergreen Forest
42,32,4730304,2024,Nevada,Evergreen Forest
42,38,414,1989,North Dakota,Evergreen Forest
42,29,32414,2024,Missouri,Evergreen Forest
42,56,5906891,1989,Wyoming,Evergreen Forest
42,27,1350516,1989,Minnesota,Evergreen Forest
42,12,122685,1989,Florida,Evergreen Forest
42,40,21338,2024,Oklahoma,Evergreen Forest
42,16,8432577,2024,Idaho,Evergreen Forest
42,22,30856,2024,Louisiana,Evergreen Forest
42,1,15562,2024,Alabama,Evergreen Forest
42,51,18068,1989,Virginia,Evergreen Forest
42,42,1579,1989,Pennsylvania,Evergreen Forest
42,41,8276104,1989,Oregon,Evergreen Forest
42,32,4808848,1989,Nevada,Evergreen Forest
42,45,3029,2024,South Carolina,Evergreen Forest
42,35,4514319,2024,New Mexico,Evergreen Forest
42,4,3100683,1989,Arizona,Evergreen Forest
42,26,91837,1989,Michigan,Evergreen Forest
43,18,5288,2024,Indiana,Mixed Forest
43,47,194202,1989,Tennessee,Mixed Forest
43,46,152,1989,South Dakota,Mixed Forest
43,17,10368,2024,Illinois,Mixed Forest
43,23,12282,1989,Maine,Mixed Forest
43,29,35561,1989,Missouri,Mixed Forest
43,46,188,2024,South Dakota,Mixed Forest
43,56,957,2024,Wyoming,Mixed Forest
43,54,209128,2024,West Virginia,Mixed Forest
43,8,143223,2024,Colorado,Mixed Forest
43,56,1204,1989,Wyoming,Mixed Forest
43,39,13,1989,Ohio,Mixed Forest
43,5,91361,1989,Arkansas,Mixed Forest
43,53,15063,1989,Washington,Mixed Forest
43,33,136373,1989,New Hampshire,Mixed Forest
43,37,130061,2024,North Carolina,Mixed Forest
43,50,64289,2024,Vermont,Mixed Forest
43,55,123782,2024,Wisconsin,Mixed Forest
43,30,4701,2024,Montana,Mixed Forest
43,22,677,1989,Louisiana,Mixed Forest
43,21,68112,2024,Kentucky,Mixed Forest
43,53,16747,2024,Washington,Mixed Forest
43,13,197354,2024,Georgia,Mixed Forest
43,41,40179,2024,Oregon,Mixed Forest
43,38,22085,2024,North Dakota,Mixed Forest
43,23,12800,2024,Maine,Mixed Forest
43,28,158,2024,Mississippi,Mixed Forest
43,50,63448,1989,Vermont,Mixed Forest
43,1,30722,1989,Alabama,Mixed Forest
43,35,195671,1989,New Mexico,Mixed Forest
43,48,9466,1989,Texas,Mixed Forest
43,27,1238539,2024,Minnesota,Mixed Forest
43,47,195726,2024,Tennessee,Mixed Forest
43,49,2478,2024,Utah,Mixed Forest
43,6,298205,2024,California,Mixed Forest
43,12,5377,2024,Florida,Mixed Forest
43,31,1163,2024,Nebraska,Mixed Forest
43,21,63716,1989,Kentucky,Mixed Forest
43,27,1316068,1989,Minnesota,Mixed Forest
43,41,37052,1989,Oregon,Mixed Forest
43,22,825,2024,Louisiana,Mixed Forest
43,35,114854,2024,New Mexico,Mixed Forest
43,51,191744,2024,Virginia,Mixed Forest
43,39,16,2024,Ohio,Mixed Forest
43,48,32692,2024,Texas,Mixed Forest
43,49,4378,1989,Utah,Mixed Forest
43,16,593,1989,Idaho,Mixed Forest
43,40,22405,1989,Oklahoma,Mixed Forest
43,37,147652,1989,North Carolina,Mixed Forest
43,1,30058,2024,Alabama,Mixed Forest
43,45,9086,2024,South Carolina,Mixed Forest
43,5,93229,2024,Arkansas,Mixed Forest
43,33,134985,2024,New Hampshire,Mixed Forest
43,8,160867,1989,Colorado,Mixed Forest
43,29,35706,2024,Missouri,Mixed Forest
43,13,211908,1989,Georgia,Mixed Forest
43,54,210168,1989,West Virginia,Mixed Forest
43,26,376203,2024,Michigan,Mixed Forest
43,31,468,1989,Nebraska,Mixed Forest
43,42,18607,2024,Pennsylvania,Mixed Forest
43,42,18764,1989,Pennsylvania,Mixed Forest
43,30,2236,1989,Montana,Mixed Forest
43,51,191169,1989,Virginia,Mixed Forest
43,32,902,2024,Nevada,Mixed Forest
43,17,10131,1989,Illinois,Mixed Forest
43,38,18385,1989,North Dakota,Mixed Forest
43,6,779983,1989,California,Mixed Forest
43,40,22630,2024,Oklahoma,Mixed Forest
43,45,9099,1989,South Carolina,Mixed Forest
43,28,327,1989,Mississippi,Mixed Forest
43,32,913,1989,Nevada,Mixed Forest
43,26,409836,1989,Michigan,Mixed Forest
43,55,115175,1989,Wisconsin,Mixed Forest
43,4,19611,2024,Arizona,Mixed Forest
43,16,1348,2024,Idaho,Mixed Forest
43,18,5733,1989,Indiana,Mixed Forest
43,4,32626,1989,Arizona,Mixed Forest
43,12,2588,1989,Florida,Mixed Forest
52,17,4,2024,Illinois,Shrub/Scrub
52,22,4472,1989,Louisiana,Shrub/Scrub
52,49,4825044,1989,Utah,Shrub/Scrub
52,33,3373,1989,New Hampshire,Shrub/Scrub
52,46,7170,1989,South Dakota,Shrub/Scrub
52,6,49258031,2024,California,Shrub/Scrub
52,23,496,1989,Maine,Shrub/Scrub
52,29,50,1989,Missouri,Shrub/Scrub
52,47,6,2024,Tennessee,Shrub/Scrub
52,55,75,2024,Wisconsin,Shrub/Scrub
52,54,380,1989,West Virginia,Shrub/Scrub
52,13,658,2024,Georgia,Shrub/Scrub
52,8,3743245,2024,Colorado,Shrub/Scrub
52,53,3052615,2024,Washington,Shrub/Scrub
52,37,1369,2024,North Carolina,Shrub/Scrub
52,56,5470709,2024,Wyoming,Shrub/Scrub
52,53,2677377,1989,Washington,Shrub/Scrub
52,35,2917747,1989,New Mexico,Shrub/Scrub
52,34,21,2024,New Jersey,Shrub/Scrub
52,12,12646,2024,Florida,Shrub/Scrub
52,38,35949,2024,North Dakota,Shrub/Scrub
52,50,26,2024,Vermont,Shrub/Scrub
52,5,351,1989,Arkansas,Shrub/Scrub
52,34,61,1989,New Jersey,Shrub/Scrub
52,50,393,1989,Vermont,Shrub/Scrub
52,16,5944736,1989,Idaho,Shrub/Scrub
52,30,4985356,2024,Montana,Shrub/Scrub
52,23,260,2024,Maine,Shrub/Scrub
52,40,25993,2024,Oklahoma,Shrub/Scrub
52,16,9803271,2024,Idaho,Shrub/Scrub
52,41,2932818,2024,Oregon,Shrub/Scrub
52,21,2,2024,Kentucky,Shrub/Scrub
52,48,107367,1989,Texas,Shrub/Scrub
52,48,104481,2024,Texas,Shrub/Scrub
52,13,58,1989,Georgia,Shrub/Scrub
52,54,42,2024,West Virginia,Shrub/Scrub
52,42,8,1989,Pennsylvania,Shrub/Scrub
52,41,1824108,1989,Oregon,Shrub/Scrub
52,17,4,1989,Illinois,Shrub/Scrub
52,56,4366105,1989,Wyoming,Shrub/Scrub
52,46,6582,2024,South Dakota,Shrub/Scrub
52,27,43436,1989,Minnesota,Shrub/Scrub
52,30,3084557,1989,Montana,Shrub/Scrub
52,32,10258147,1989,Nevada,Shrub/Scrub
52,37,253,1989,North Carolina,Shrub/Scrub
52,26,8463,2024,Michigan,Shrub/Scrub
52,32,9766291,2024,Nevada,Shrub/Scrub
52,18,6,1989,Indiana,Shrub/Scrub
52,55,189,1989,Wisconsin,Shrub/Scrub
52,49,4952035,2024,Utah,Shrub/Scrub
52,47,17,1989,Tennessee,Shrub/Scrub
52,1,23,2024,Alabama,Shrub/Scrub
52,28,4,2024,Mississippi,Shrub/Scrub
52,27,142778,2024,Minnesota,Shrub/Scrub
52,8,3547543,1989,Colorado,Shrub/Scrub
52,6,46756818,1989,California,Shrub/Scrub
52,38,47472,1989,North Dakota,Shrub/Scrub
52,42,5,2024,Pennsylvania,Shrub/Scrub
52,12,10329,1989,Florida,Shrub/Scrub
52,51,453,1989,Virginia,Shrub/Scrub
52,29,26,2024,Missouri,Shrub/Scrub
52,4,17461151,2024,Arizona,Shrub/Scrub
52,40,32668,1989,Oklahoma,Shrub/Scrub
52,51,1031,2024,Virginia,Shrub/Scrub
52,21,4,1989,Kentucky,Shrub/Scrub
52,4,16919380,1989,Arizona,Shrub/Scrub
52,31,1871,1989,Nebraska,Shrub/Scrub
52,31,1762,2024,Nebraska,Shrub/Scrub
52,5,111,2024,Arkansas,Shrub/Scrub
52,22,256,2024,Louisiana,Shrub/Scrub
52,33,2146,2024,New Hampshire,Shrub/Scrub
52,45,8,1989,South Carolina,Shrub/Scrub
52,26,11519,1989,Michigan,Shrub/Scrub
52,1,515,1989,Alabama,Shrub/Scrub
52,35,3769108,2024,New Mexico,Shrub/Scrub
52,28,10,1989,Mississippi,Shrub/Scrub
71,49,298507,1989,Utah,Grassland/Herbaceous
71,38,89615,2024,North Dakota,Grassland/Herbaceous
71,32,761120,2024,Nevada,Grassland/Herbaceous
71,5,223,1989,Arkansas,Grassland/Herbaceous
71,33,518,1989,New Hampshire,Grassland/Herbaceous
71,22,1593,1989,Louisiana,Grassland/Herbaceous
71,54,96,2024,West Virginia,Grassland/Herbaceous
71,47,86,2024,Tennessee,Grassland/Herbaceous
71,4,421624,1989,Arizona,Grassland/Herbaceous
71,46,104939,1989,South Dakota,Grassland/Herbaceous
71,37,191,2024,North Carolina,Grassland/Herbaceous
71,23,1012,1989,Maine,Grassland/Herbaceous
71,8,2216717,2024,Colorado,Grassland/Herbaceous
71,50,56,2024,Vermont,Grassland/Herbaceous
71,47,126,1989,Tennessee,Grassland/Herbaceous
71,53,1491778,2024,Washington,Grassland/Herbaceous
71,56,1240639,2024,Wyoming,Grassland/Herbaceous
71,30,1383100,2024,Montana,Grassland/Herbaceous
71,25,61,2024,Massachusetts,Grassland/Herbaceous
71,21,70,1989,Kentucky,Grassland/Herbaceous
71,26,4915,1989,Michigan,Grassland/Herbaceous
71,27,32937,1989,Minnesota,Grassland/Herbaceous
71,18,81,2024,Indiana,Grassland/Herbaceous
71,35,68750,1989,New Mexico,Grassland/Herbaceous
71,21,6,2024,Kentucky,Grassland/Herbaceous
71,55,307,2024,Wisconsin,Grassland/Herbaceous
71,48,258,2024,Texas,Grassland/Herbaceous
71,13,354,1989,Georgia,Grassland/Herbaceous
71,28,42,2024,Mississippi,Grassland/Herbaceous
71,56,1768181,1989,Wyoming,Grassland/Herbaceous
71,40,6931,1989,Oklahoma,Grassland/Herbaceous
71,27,19227,2024,Minnesota,Grassland/Herbaceous
71,17,12,2024,Illinois,Grassland/Herbaceous
71,16,2875687,2024,Idaho,Grassland/Herbaceous
71,38,87277,1989,North Dakota,Grassland/Herbaceous
71,23,20,2024,Maine,Grassland/Herbaceous
71,41,1551561,2024,Oregon,Grassland/Herbaceous
71,25,54,1989,Massachusetts,Grassland/Herbaceous
71,48,215,1989,Texas,Grassland/Herbaceous
71,26,5650,2024,Michigan,Grassland/Herbaceous
71,50,171,1989,Vermont,Grassland/Herbaceous
71,34,37,1989,New Jersey,Grassland/Herbaceous
71,41,754914,1989,Oregon,Grassland/Herbaceous
71,12,11123,2024,Florida,Grassland/Herbaceous
71,53,374743,1989,Washington,Grassland/Herbaceous
71,46,108494,2024,South Dakota,Grassland/Herbaceous
71,13,141,2024,Georgia,Grassland/Herbaceous
71,1,236,1989,Alabama,Grassland/Herbaceous
71,28,26,1989,Mississippi,Grassland/Herbaceous
71,40,10195,2024,Oklahoma,Grassland/Herbaceous
71,5,106,2024,Arkansas,Grassland/Herbaceous
71,18,55,1989,Indiana,Grassland/Herbaceous
71,51,6727,2024,Virginia,Grassland/Herbaceous
71,4,718268,2024,Arizona,Grassland/Herbaceous
71,6,3057497,2024,California,Grassland/Herbaceous
71,54,121,1989,West Virginia,Grassland/Herbaceous
71,31,48698,2024,Nebraska,Grassland/Herbaceous
71,36,51,1989,New York,Grassland/Herbaceous
71,33,284,2024,New Hampshire,Grassland/Herbaceous
71,34,15,2024,New Jersey,Grassland/Herbaceous
71,36,59,2024,New York,Grassland/Herbaceous
71,49,460274,2024,Utah,Grassland/Herbaceous
71,37,232,1989,North Carolina,Grassland/Herbaceous
71,29,530,2024,Missouri,Grassland/Herbaceous
71,8,1747826,1989,Colorado,Grassland/Herbaceous
71,29,885,1989,Missouri,Grassland/Herbaceous
71,51,147,1989,Virginia,Grassland/Herbaceous
71,31,46841,1989,Nebraska,Grassland/Herbaceous
71,16,2086770,1989,Idaho,Grassland/Herbaceous
71,6,646981,1989,California,Grassland/Herbaceous
71,42,73,1989,Pennsylvania,Grassland/Herbaceous
71,42,67,2024,Pennsylvania,Grassland/Herbaceous
71,35,524184,2024,New Mexico,Grassland/Herbaceous
71,32,206039,1989,Nevada,Grassland/Herbaceous
71,1,45,2024,Alabama,Grassland/Herbaceous
71,22,2,2024,Louisiana,Grassland/Herbaceous
71,55,299,1989,Wisconsin,Grassland/Herbaceous
71,45,15,2024,South Carolina,Grassland/Herbaceous
71,30,1631383,1989,Montana,Grassland/Herbaceous
71,12,1371,1989,Florida,Grassland/Herbaceous
81,5,1821,1989,Arkansas,Pasture/Hay
81,32,111,1989,Nevada,Pasture/Hay
81,37,261,2024,North Carolina,Pasture/Hay
81,4,16,1989,Arizona,Pasture/Hay
81,22,27,1989,Louisiana,Pasture/Hay
81,34,20,1989,New Jersey,Pasture/Hay
81,17,224,2024,Illinois,Pasture/Hay
81,46,60,2024,South Dakota,Pasture/Hay
81,47,21,1989,Tennessee,Pasture/Hay
81,49,189,1989,Utah,Pasture/Hay
81,29,210,1989,Missouri,Pasture/Hay
81,12,1597,2024,Florida,Pasture/Hay
81,28,10,1989,Mississippi,Pasture/Hay
81,35,254,1989,New Mexico,Pasture/Hay
81,48,86,2024,Texas,Pasture/Hay
81,47,28,2024,Tennessee,Pasture/Hay
81,8,209,2024,Colorado,Pasture/Hay
81,27,1,2024,Minnesota,Pasture/Hay
81,30,116,2024,Montana,Pasture/Hay
81,8,169,1989,Colorado,Pasture/Hay
81,12,100,1989,Florida,Pasture/Hay
81,46,62,1989,South Dakota,Pasture/Hay
81,1,10,1989,Alabama,Pasture/Hay
81,56,129,2024,Wyoming,Pasture/Hay
81,16,108,2024,Idaho,Pasture/Hay
81,51,175,2024,Virginia,Pasture/Hay
81,55,23,2024,Wisconsin,Pasture/Hay
81,6,412,2024,California,Pasture/Hay
81,37,336,1989,North Carolina,Pasture/Hay
81,13,12,1989,Georgia,Pasture/Hay
81,53,410,2024,Washington,Pasture/Hay
81,56,146,1989,Wyoming,Pasture/Hay
81,18,16,2024,Indiana,Pasture/Hay
81,54,38,2024,West Virginia,Pasture/Hay
81,38,17,2024,North Dakota,Pasture/Hay
81,21,43,2024,Kentucky,Pasture/Hay
81,18,18,1989,Indiana,Pasture/Hay
81,55,27,1989,Wisconsin,Pasture/Hay
81,5,1713,2024,Arkansas,Pasture/Hay
81,49,162,2024,Utah,Pasture/Hay
81,26,296,2024,Michigan,Pasture/Hay
81,28,11,2024,Mississippi,Pasture/Hay
81,54,37,1989,West Virginia,Pasture/Hay
81,26,389,1989,Michigan,Pasture/Hay
81,53,480,1989,Washington,Pasture/Hay
81,40,8,1989,Oklahoma,Pasture/Hay
81,34,14,2024,New Jersey,Pasture/Hay
81,42,29,1989,Pennsylvania,Pasture/Hay
81,22,7,2024,Louisiana,Pasture/Hay
81,13,19,2024,Georgia,Pasture/Hay
81,4,155,2024,Arizona,Pasture/Hay
81,41,516,1989,Oregon,Pasture/Hay
81,17,181,1989,Illinois,Pasture/Hay
81,48,110,1989,Texas,Pasture/Hay
81,29,183,2024,Missouri,Pasture/Hay
81,21,38,1989,Kentucky,Pasture/Hay
81,30,95,1989,Montana,Pasture/Hay
81,16,154,1989,Idaho,Pasture/Hay
81,1,16,2024,Alabama,Pasture/Hay
81,41,367,2024,Oregon,Pasture/Hay
81,35,1354,2024,New Mexico,Pasture/Hay
81,38,236,1989,North Dakota,Pasture/Hay
81,32,440,2024,Nevada,Pasture/Hay
81,6,239,1989,California,Pasture/Hay
81,42,28,2024,Pennsylvania,Pasture/Hay
81,40,7,2024,Oklahoma,Pasture/Hay
81,51,167,1989,Virginia,Pasture/Hay
82,8,8,2024,Colorado,Cultivated Crops
82,46,45,2024,South Dakota,Cultivated Crops
82,23,1,1989,Maine,Cultivated Crops
82,49,1,1989,Utah,Cultivated Crops
82,27,6,2024,Minnesota,Cultivated Crops
82,56,38,2024,Wyoming,Cultivated Crops
82,30,5,2024,Montana,Cultivated Crops
82,49,10,2024,Utah,Cultivated Crops
82,32,204,2024,Nevada,Cultivated Crops
82,25,1,2024,Massachusetts,Cultivated Crops
82,31,10,2024,Nebraska,Cultivated Crops
82,56,31,1989,Wyoming,Cultivated Crops
82,29,7,1989,Missouri,Cultivated Crops
82,17,41,1989,Illinois,Cultivated Crops
82,13,2,2024,Georgia,Cultivated Crops
82,17,13,2024,Illinois,Cultivated Crops
82,26,13,2024,Michigan,Cultivated Crops
82,12,1502,2024,Florida,Cultivated Crops
82,35,1,2024,New Mexico,Cultivated Crops
82,8,5,1989,Colorado,Cultivated Crops
82,41,40,1989,Oregon,Cultivated Crops
82,6,259,2024,California,Cultivated Crops
82,5,143,2024,Arkansas,Cultivated Crops
82,5,1,1989,Arkansas,Cultivated Crops
82,38,14,2024,North Dakota,Cultivated Crops
82,46,64,1989,South Dakota,Cultivated Crops
82,53,10,2024,Washington,Cultivated Crops
82,30,5,1989,Montana,Cultivated Crops
82,41,34,2024,Oregon,Cultivated Crops
82,26,107,1989,Michigan,Cultivated Crops
82,16,75,2024,Idaho,Cultivated Crops
82,12,13,1989,Florida,Cultivated Crops
82,38,7,1989,North Dakota,Cultivated Crops
82,53,24,1989,Washington,Cultivated Crops
82,4,20,2024,Arizona,Cultivated Crops
82,23,1,2024,Maine,Cultivated Crops
82,29,6,2024,Missouri,Cultivated Crops
82,25,3,1989,Massachusetts,Cultivated Crops
82,6,109,1989,California,Cultivated Crops
82,16,9,1989,Idaho,Cultivated Crops
82,4,373,1989,Arizona,Cultivated Crops
82,32,123,1989,Nevada,Cultivated Crops
90,5,10750,1989,Arkansas,Woody Wetlands
90,4,23002,1989,Arizona,Woody Wetlands
90,29,23975,1989,Missouri,Woody Wetlands
90,22,7877,1989,Louisiana,Woody Wetlands
90,37,148827,2024,North Carolina,Woody Wetlands
90,16,42407,2024,Idaho,Woody Wetlands
90,1,396,1989,Alabama,Woody Wetlands
90,32,9131,1989,Nevada,Woody Wetlands
90,49,58355,2024,Utah,Woody Wetlands
90,35,20990,1989,New Mexico,Woody Wetlands
90,8,323512,2024,Colorado,Woody Wetlands
90,46,7,1989,South Dakota,Woody Wetlands
90,46,7,2024,South Dakota,Woody Wetlands
90,53,98759,2024,Washington,Woody Wetlands
90,55,111864,2024,Wisconsin,Woody Wetlands
90,50,18123,2024,Vermont,Woody Wetlands
90,54,4196,1989,West Virginia,Woody Wetlands
90,13,1547591,2024,Georgia,Woody Wetlands
90,49,57845,1989,Utah,Woody Wetlands
90,51,205,2024,Virginia,Woody Wetlands
90,23,3714,1989,Maine,Woody Wetlands
90,16,38421,1989,Idaho,Woody Wetlands
90,53,100258,1989,Washington,Woody Wetlands
90,45,128982,1989,South Carolina,Woody Wetlands
90,23,3820,2024,Maine,Woody Wetlands
90,31,200,1989,Nebraska,Woody Wetlands
90,36,69,2024,New York,Woody Wetlands
90,26,434638,2024,Michigan,Woody Wetlands
90,32,9144,2024,Nevada,Woody Wetlands
90,13,1531229,1989,Georgia,Woody Wetlands
90,12,1514468,1989,Florida,Woody Wetlands
90,56,130825,1989,Wyoming,Woody Wetlands
90,27,1182384,2024,Minnesota,Woody Wetlands
90,37,149626,1989,North Carolina,Woody Wetlands
90,12,1470725,2024,Florida,Woody Wetlands
90,33,2172,1989,New Hampshire,Woody Wetlands
90,17,212,2024,Illinois,Woody Wetlands
90,50,18007,1989,Vermont,Woody Wetlands
90,6,176014,1989,California,Woody Wetlands
90,18,54,1989,Indiana,Woody Wetlands
90,6,183195,2024,California,Woody Wetlands
90,54,4272,2024,West Virginia,Woody Wetlands
90,41,18954,1989,Oregon,Woody Wetlands
90,4,23202,2024,Arizona,Woody Wetlands
90,31,181,2024,Nebraska,Woody Wetlands
90,39,32,1989,Ohio,Woody Wetlands
90,45,128948,2024,South Carolina,Woody Wetlands
90,34,15631,1989,New Jersey,Woody Wetlands
90,38,4266,2024,North Dakota,Woody Wetlands
90,5,11038,2024,Arkansas,Woody Wetlands
90,48,42813,1989,Texas,Woody Wetlands
90,27,1179771,1989,Minnesota,Woody Wetlands
90,38,4352,1989,North Dakota,Woody Wetlands
90,56,136499,2024,Wyoming,Woody Wetlands
90,30,46581,2024,Montana,Woody Wetlands
90,48,43786,2024,Texas,Woody Wetlands
90,28,17159,2024,Mississippi,Woody Wetlands
90,39,32,2024,Ohio,Woody Wetlands
90,34,15649,2024,New Jersey,Woody Wetlands
90,55,111992,1989,Wisconsin,Woody Wetlands
90,17,220,1989,Illinois,Woody Wetlands
90,29,27517,2024,Missouri,Woody Wetlands
90,1,398,2024,Alabama,Woody Wetlands
90,33,2193,2024,New Hampshire,Woody Wetlands
90,22,7796,2024,Louisiana,Woody Wetlands
90,51,204,1989,Virginia,Woody Wetlands
90,18,55,2024,Indiana,Woody Wetlands
90,42,2809,2024,Pennsylvania,Woody Wetlands
90,41,20069,2024,Oregon,Woody Wetlands
90,30,42042,1989,Montana,Woody Wetlands
90,8,324568,1989,Colorado,Woody Wetlands
90,35,20982,2024,New Mexico,Woody Wetlands
90,26,430446,1989,Michigan,Woody Wetlands
90,42,2802,1989,Pennsylvania,Woody Wetlands
90,36,22,1989,New York,Woody Wetlands
90,28,17321,1989,Mississippi,Woody Wetlands
95,4,1188,2024,Arizona,Emergent Herbaceous Wetlands
95,32,1928,2024,Nevada,Emergent Herbaceous Wetlands
95,35,7753,1989,New Mexico,Emergent Herbaceous Wetlands
95,34,26788,1989,New Jersey,Emergent Herbaceous Wetlands
95,46,14,2024,South Dakota,Emergent Herbaceous Wetlands
95,6,86718,2024,California,Emergent Herbaceous Wetlands
95,41,5743,1989,Oregon,Emergent Herbaceous Wetlands
95,22,22209,1989,Louisiana,Emergent Herbaceous Wetlands
95,48,134,2024,Texas,Emergent Herbaceous Wetlands
95,16,13532,1989,Idaho,Emergent Herbaceous Wetlands
95,27,26432,2024,Minnesota,Emergent Herbaceous Wetlands
95,26,31375,2024,Michigan,Emergent Herbaceous Wetlands
95,23,552,1989,Maine,Emergent Herbaceous Wetlands
95,31,112,1989,Nebraska,Emergent Herbaceous Wetlands
95,55,2115,2024,Wisconsin,Emergent Herbaceous Wetlands
95,50,287,2024,Vermont,Emergent Herbaceous Wetlands
95,27,18997,1989,Minnesota,Emergent Herbaceous Wetlands
95,34,25875,2024,New Jersey,Emergent Herbaceous Wetlands
95,30,86941,1989,Montana,Emergent Herbaceous Wetlands
95,50,228,1989,Vermont,Emergent Herbaceous Wetlands
95,55,1631,1989,Wisconsin,Emergent Herbaceous Wetlands
95,12,2282211,1989,Florida,Emergent Herbaceous Wetlands
95,28,6850,2024,Mississippi,Emergent Herbaceous Wetlands
95,25,1044,2024,Massachusetts,Emergent Herbaceous Wetlands
95,53,15291,1989,Washington,Emergent Herbaceous Wetlands
95,49,11287,1989,Utah,Emergent Herbaceous Wetlands
95,8,184353,2024,Colorado,Emergent Herbaceous Wetlands
95,12,2333692,2024,Florida,Emergent Herbaceous Wetlands
95,32,2012,1989,Nevada,Emergent Herbaceous Wetlands
95,28,7765,1989,Mississippi,Emergent Herbaceous Wetlands
95,6,86640,1989,California,Emergent Herbaceous Wetlands
95,38,5284,1989,North Dakota,Emergent Herbaceous Wetlands
95,39,6,1989,Ohio,Emergent Herbaceous Wetlands
95,41,5625,2024,Oregon,Emergent Herbaceous Wetlands
95,48,121,1989,Texas,Emergent Herbaceous Wetlands
95,13,75310,1989,Georgia,Emergent Herbaceous Wetlands
95,33,41,2024,New Hampshire,Emergent Herbaceous Wetlands
95,54,805,1989,West Virginia,Emergent Herbaceous Wetlands
95,30,87207,2024,Montana,Emergent Herbaceous Wetlands
95,49,11292,2024,Utah,Emergent Herbaceous Wetlands
95,38,3972,2024,North Dakota,Emergent Herbaceous Wetlands
95,5,411,1989,Arkansas,Emergent Herbaceous Wetlands
95,29,11022,1989,Missouri,Emergent Herbaceous Wetlands
95,23,477,2024,Maine,Emergent Herbaceous Wetlands
95,16,14425,2024,Idaho,Emergent Herbaceous Wetlands
95,18,53,1989,Indiana,Emergent Herbaceous Wetlands
95,35,7832,2024,New Mexico,Emergent Herbaceous Wetlands
95,39,5,2024,Ohio,Emergent Herbaceous Wetlands
95,5,279,2024,Arkansas,Emergent Herbaceous Wetlands
95,31,119,2024,Nebraska,Emergent Herbaceous Wetlands
95,33,38,1989,New Hampshire,Emergent Herbaceous Wetlands
95,56,36682,1989,Wyoming,Emergent Herbaceous Wetlands
95,54,729,2024,West Virginia,Emergent Herbaceous Wetlands
95,37,26960,2024,North Carolina,Emergent Herbaceous Wetlands
95,42,164,2024,Pennsylvania,Emergent Herbaceous Wetlands
95,46,11,1989,South Dakota,Emergent Herbaceous Wetlands
95,17,11,2024,Illinois,Emergent Herbaceous Wetlands
95,37,27026,1989,North Carolina,Emergent Herbaceous Wetlands
95,29,7889,2024,Missouri,Emergent Herbaceous Wetlands
95,36,3269,1989,New York,Emergent Herbaceous Wetlands
95,42,177,1989,Pennsylvania,Emergent Herbaceous Wetlands
95,17,6,1989,Illinois,Emergent Herbaceous Wetlands
95,53,18300,2024,Washington,Emergent Herbaceous Wetlands
95,18,62,2024,Indiana,Emergent Herbaceous Wetlands
95,13,59195,2024,Georgia,Emergent Herbaceous Wetlands
95,45,124182,2024,South Carolina,Emergent Herbaceous Wetlands
95,45,124722,1989,South Carolina,Emergent Herbaceous Wetlands
95,8,181163,1989,Colorado,Emergent Herbaceous Wetlands
95,25,1067,1989,Massachusetts,Emergent Herbaceous Wetlands
95,4,1379,1989,Arizona,Emergent Herbaceous Wetlands
95,22,21602,2024,Louisiana,Emergent Herbaceous Wetlands
95,36,2942,2024,New York,Emergent Herbaceous Wetlands
95,26,34129,1989,Michigan,Emergent Herbaceous Wetlands
95,56,36159,2024,Wyoming,Emergent Herbaceous Wetlands
