"wilderness_area","total_pixels","pixels_stayed","pixels_transitioned","percent_transitioned"
"Absaroka_Beartooth",4243888,3484801,759087,17.89
"Aden_Lava_Flow",137187,136481,706,0.51
"Agassiz",23584,22260,1324,5.61
"Agua_Tibia",82038,46023,36015,43.9
"Ah_shi_sle_pah",33057,33044,13,0.04
"Aldo_Leopold",919156,387395,531761,57.85
"Alexander_Springs",36272,32698,3574,9.85
"Allegheny_Islands",2087,2010,77,3.69
"Alpine_Lakes",1876812,1732155,144657,7.71
"AltaToquima",161346,139911,21435,13.29
"Anaconda_Pintler",717372,502091,215281,30.01
"Ansel_Adams",1048408,792169,256239,24.44
"Apache_Creek",25959,25811,148,0.57
"Apache_Kid",202505,166155,36350,17.95
"Aravaipa_Canyon",93162,92891,271,0.29
"ArcDome",543645,444577,99068,18.22
"Argus_Range",303035,302646,389,0.13
"Arrastra_Mountain",586683,585609,1074,0.18
"Arrow_Canyon",125305,124566,739,0.59
"AshdownGorge",32708,31752,956,2.92
"Aubrey_Peak",67518,67501,17,0.03
"AvawatzMountains",431874,421964,9910,2.29
"Baboquivari_Peak",9752,6474,3278,33.61
"Badger_Creek",132655,128864,3791,2.86
"Badlands",280069,273277,6792,2.43
"Bald_Knob",26814,26747,67,0.25
"Bald_Mountain",102245,87882,14363,14.05
"Bald_River_Gorge",17549,16668,881,5.02
"Bandelier",112275,81362,30913,27.53
"Barbours_Creek",25382,25054,328,1.29
"Bay_Creek",12785,12713,72,0.56
"Bear_Wallow",51444,25958,25486,49.54
"Beartown",25835,25792,43,0.17
"Beartrap_Canyon",212,203,9,4.25
"Beauty_Mountain",72250,59388,12862,17.8
"Beaver_Basin",53831,51914,1917,3.56
"Beaver_Creek",24688,23947,741,3
"Beaver_Dam_Mountains",83850,82737,1113,1.33
"Becky_Peak",83226,72316,10910,13.11
"Bell_Mountain",42126,41415,711,1.69
"Big_Branch",30819,30695,124,0.4
"Big_Draft",23579,23433,146,0.62
"Big_Frog",38851,37523,1328,3.42
"Big_Gum_Swamp",62943,62619,324,0.51
"Big_Horn_Mountains",96963,96932,31,0.03
"Big_Island_Lake",26276,25642,634,2.41
"Big_Jacks_Creek",256903,151669,105234,40.96
"Big_Lake",11423,10701,722,6.32
"Big_Laurel_Branch",49724,48671,1053,2.12
"Big_Maria_Mountains",216579,213081,3498,1.62
"Big_Rocks",59222,49708,9514,16.06
"Big_Slough",16459,16178,281,1.71
"Big_Wild_Horse_Mesa",91632,86415,5217,5.69
"Bigelow_Cholla_Garden",70672,70667,5,0.01
"Bighorn_Mountain",176398,174890,1508,0.85
"Billies_Bay",14134,14061,73,0.52
"Birkhead_Mountains",23921,23378,543,2.27
"Bisti_De_Na_Zin",217104,216456,648,0.3
"Black_Canyon_NV",78506,78504,2,0
"Black_Canyon_of_the_Gunnison",71128,66899,4229,5.95
"Black_Canyon_OR",59766,47047,12719,21.28
"Black_Creek",23421,23267,154,0.66
"Black_Elk",61749,60379,1370,2.22
"Black_Fork_Mountain",61443,61181,262,0.43
"Black_Mountain",95146,94243,903,0.95
"Black_Ridge_Canyons",341159,332341,8818,2.58
"Black_Rock_Desert",1420224,1374190,46034,3.24
"Blackbeard_Island",13306,12941,365,2.74
"Blackjack_Springs",27090,26823,267,0.99
"Blackridge",60367,53713,6654,11.02
"Blood_Mountain",35712,34788,924,2.59
"Blue_Range",132148,121093,11055,8.37
"Bob_Marshall",4794414,3211706,1582708,33.01
"Bosque_del_Apache",139222,139177,45,0.03
"Boulder_Creek",90603,48203,42400,46.8
"Boulder_River",224595,214239,10356,4.61
"Boundary_Peak",47776,45268,2508,5.25
"Boundary_Waters_Canoe_Area",4950053,4209864,740189,14.95
"Box_Death_Hollow",117933,111224,6709,5.69
"Bradwell_Bay",109900,108515,1385,1.26
"Brasstown",59152,57212,1940,3.28
"Breadloaf",113914,112327,1587,1.39
"Breton",56981,46318,10663,18.71
"Bridge_Canyon",36134,36118,16,0.04
"Bridge_Creek",24563,15960,8603,35.02
"Bridger",1926235,1782049,144186,7.49
"Brigantine",34895,30391,4504,12.91
"Bright_Star",40301,18147,22154,54.97
"Bristlecone",65614,57950,7664,11.68
"Bristol_Cliffs",17369,17282,87,0.5
"Bristol_Mountains",348053,344233,3820,1.1
"Broad_Canyon",72708,72694,14,0.02
"Bruneau_Jarbidge_Rivers",435290,284732,150558,34.59
"Brush_Mountain",22240,21622,618,2.78
"Brush_Mountain_East",17459,17061,398,2.28
"Buckhorn",201490,194290,7200,3.57
"Bucks_Lake",107834,30960,76874,71.29
"Buffalo_National_River",159497,156717,2780,1.74
"Buffalo_Peaks",187423,167512,19911,10.62
"Bull_of_the_Woods",168284,98298,69986,41.59
"Burden_Falls",17393,17375,18,0.1
"Buzzards_Peak",56273,56269,4,0.01
"Byers_Peak",40470,30386,10084,24.92
"Cabeza_Prieta",3573320,3369631,203689,5.7
"Cabinet_Mountains",425364,396701,28663,6.74
"Cache_Creek",140266,116630,23636,16.85
"Cache_La_Poudre",43766,7887,35879,81.98
"Cadiz_Dunes",96468,81864,14604,15.14
"Cahuilla_Mountain",25522,22456,3066,12.01
"Cain_Mountain",65124,56857,8267,12.69
"Calico_Mountains",294472,278788,15684,5.33
"Canaan_Mountain",202478,191558,10920,5.39
"Caney_Creek",65020,63285,1735,2.67
"Cape_Romain",141265,137387,3878,2.75
"Capitan_Mountains",163731,161363,2368,1.45
"Caribou",94673,12902,81771,86.37
"Caribou_Speckled_Mountain",51401,51006,395,0.77
"Carlsbad_Caverns",143635,136084,7551,5.26
"Carrizo_Gorge",67811,61655,6156,9.08
"Carson_Iceberg",719731,623982,95749,13.3
"Castle_Crags",50871,44945,5926,11.65
"Castle_Creek",115900,80662,35238,30.4
"Catfish_Lake_South",38764,38749,15,0.04
"Cebolla",282377,277487,4890,1.73
"Cedar_Bench",73171,70019,3152,4.31
"Cedar_Keys",1741,1591,150,8.62
"Cedar_Mountain_Area",472947,359710,113237,23.94
"Cedar_Roughs",29772,8349,21423,71.96
"Cerro_del_Yuta",61250,58857,2393,3.91
"Chama_River_Canyon",216082,204131,11951,5.53
"Chanchelulla",36826,23680,13146,35.7
"Charles_C_Deam",57871,57041,830,1.43
"Chase_Lake",19223,14193,5030,26.17
"Chassahowitzka",112664,110880,1784,1.58
"Cheaha",33959,32647,1312,3.86
"Chemehuevi_Mountains",387333,387143,190,0.05
"Chimney_Peak",60591,49130,11461,18.92
"Chiricahua",395530,201541,193989,49.05
"Chiricahua_National_Monument",48183,15108,33075,68.64
"Chuckwalla_Mountains",461731,461731,0,0
"Chumash",172337,166444,5893,3.42
"Cinder_Cone",83342,83183,159,0.19
"Citico_Creek",73821,63991,9830,13.32
"Clackamas",44657,23473,21184,47.44
"Clan_Alpine_Mountains",585056,414354,170702,29.18
"Clear_Springs",21870,21808,62,0.28
"Clearwater",66824,65918,906,1.36
"Cleghorn_Lakes",179959,176424,3535,1.96
"Clifty",58753,54058,4695,7.99
"Clipper_Mountain",162019,161961,58,0.04
"Cloud_Peak",867469,814711,52758,6.08
"Clover_Mountains",387354,326853,60501,15.62
"Cohutta",168315,143705,24610,14.62
"Cold_Wash",56984,56644,340,0.6
"Collegiate_Peaks",753883,730342,23541,3.12
"Colonel_Bob",53999,53214,785,1.45
"Columbine_Hondo",202377,181439,20938,10.35
"Comanche_Peak",309199,146095,163104,52.75
"Congaree",68724,68493,231,0.34
"Copper_Salmon",63028,59826,3202,5.08
"Coso_Range",237154,231183,5971,2.52
"Cottonwood_Canyon",53196,52404,792,1.49
"Cottonwood_Forest",12343,12324,19,0.15
"Cottonwood_Point",31360,30452,908,2.9
"Cougar_Canyon",48641,44959,3682,7.57
"Coyote_Mountains_AZ",23419,22855,564,2.41
"Coyote_Mountains_CA",85136,81492,3644,4.28
"Crab_Orchard",20798,20569,229,1.1
"Cranberry",216384,214579,1805,0.83
"Craters_of_the_Moon",195186,180144,15042,7.71
"Cruces_Basin",85804,80338,5466,6.37
"Cucamonga",59371,54593,4778,8.05
"Cumberland_Island",43641,42699,942,2.16
"Cummins_Creek",41263,40758,505,1.22
"Currant_Mountain",215115,184424,30691,14.27
"Daniel_J_Evans",3917065,3818836,98229,2.51
"Dark_Canyon",215586,207729,7857,3.64
"Darwin_Falls",40452,40439,13,0.03
"Dead_Mountains",246505,246198,307,0.12
"Death_Valley",14423900,13927178,496722,3.44
"Deep_Creek",15340,13263,2077,13.54
"Deep_Creek_North",19957,13303,6654,33.34
"Delamar_Mountains",501574,335991,165583,33.01
"Delirium",54562,53623,939,1.72
"Desatoya Mountains Wilderness",184177,151817,32360,17.57
"Deseret_Peak",113965,61535,52430,46.01
"Desolation",289791,269525,20266,6.99
"Desolation_Canyon",725831,706942,18889,2.6
"Devils_Backbone",30638,30246,392,1.28
"Devils_Canyon",40202,39755,447,1.11
"Devils_Staircase",138436,127170,11266,8.14
"Diamond_Peak",237502,236055,1447,0.61
"Dick_Smith",323568,170464,153104,47.32
"Dinkey_Lakes",140449,135983,4466,3.18
"Docs_Pass",78783,51581,27202,34.53
"Dolly_Sods",80696,79889,807,1
"Dome",24063,5163,18900,78.54
"Domeland",608746,473969,134777,22.14
"Dominguez_Canyon",301056,298331,2725,0.91
"Dos_Cabezas_Mountains",54571,52072,2499,4.58
"Drift_Creek",26703,26412,291,1.09
"Dry_Creek",28886,28584,302,1.05
"Dugger_Mountain",41087,39507,1580,3.85
"Eagle_Canyon",68977,68278,699,1.01
"Eagle_Cap",1607833,1452943,154890,9.63
"Eagles_Nest",611284,573415,37869,6.19
"Eagletail_Mountains",458014,456100,1914,0.42
"East_Cactus_Plain",64221,29647,34574,53.84
"East_Fork",48172,47896,276,0.57
"East_Fork_High_Rock_Canyon",238749,233673,5076,2.13
"East_Humboldts",166863,136024,30839,18.48
"East_Potrillo_Mountains",60729,59953,776,1.28
"El_Paso_Mountains",110482,107331,3151,2.85
"Eldorado",145270,145167,103,0.07
"Elkhorn_Ridge",51358,41745,9613,18.72
"Ellicott_Rock",37964,37111,853,2.25
"Emigrant",510354,491421,18933,3.71
"Encampment_River",46872,43275,3597,7.67
"Escudilla",23661,5388,18273,77.23
"Far_South_Egans",165042,159582,5460,3.31
"Farallon",384,363,21,5.47
"Fish_Creek_Mountains",101740,98062,3678,3.62
"Fishhooks",49385,48500,885,1.79
"Fitzpatrick",898041,853623,44418,4.95
"Flat_Tops",1044156,938318,105838,10.14
"Flatside",43688,42771,917,2.1
"Florida_Keys",28204,24287,3917,13.89
"Fort_Niobrara",21257,20034,1223,5.75
"Fortification_Range",139645,136749,2896,2.07
"Fossil_Ridge",146032,142191,3841,2.63
"Fossil_Springs",49001,44331,4670,9.53
"Four_Peaks",275921,167846,108075,39.17
"Frank_Church_River_of_No_Return",10646768,5685040,4961728,46.6
"Funeral_Mountains",125332,125261,71,0.06
"Galiuro",350910,324424,26486,7.55
"Garcia",64701,56761,7940,12.27
"Garden_Mountain",15551,15467,84,0.54
"Garden_of_the_Gods",18406,18372,34,0.18
"Gates_of_the_Mountains",129021,60260,68761,53.29
"Gaylord_Nelson",152405,127178,25227,16.55
"Gearhart_Mountain",102761,7271,95490,92.92
"Gee_Creek",11884,10585,1299,10.93
"George_D_Aiken",22002,21725,277,1.26
"Gibraltar_Mountain",85761,85759,2,0
"Gila",2523084,1996626,526458,20.87
"Glacier_Peak",2555392,2299109,256283,10.03
"Glacier_View",14194,13923,271,1.91
"Glastenbury",101814,100965,849,0.83
"Goat_Rocks",490366,448857,41509,8.46
"Golden_Trout",1378536,1063689,314847,22.84
"Golden_Valley",171508,171075,433,0.25
"Goose_Creek",463,424,39,8.42
"Goshute_Canyon",194339,133708,60631,31.2
"Gospel_Hump",929619,698824,230795,24.83
"Government_Peak",29217,28058,1159,3.97
"Grand_Wash_Cliffs",169920,149310,20610,12.13
"Granite_Chief",129465,117355,12110,9.35
"Granite_Mountain_AZ",44808,31274,13534,30.2
"Granite_Mountain_CA",156690,153069,3621,2.31
"Grant_Range",237929,182675,55254,23.22
"Grass_Valley",149133,148935,198,0.13
"Grassy_Knob",78344,51521,26823,34.24
"Great_Bear",1296815,1162996,133819,10.32
"Great_Falls_Basin",36714,36708,6,0.02
"Great_Gulf",25979,25336,643,2.48
"Great_Sand_Dunes",148010,144028,3982,2.69
"Great_Swamp",16752,16370,382,2.28
"Greenhorn_Mountain",105132,96970,8162,7.76
"Gros_Ventre",1291868,1207683,84185,6.52
"Guadalupe_Mountains",209984,193792,16192,7.71
"Gulf_Islands",18825,15130,3695,19.63
"Gunnison_Gorge",81882,72235,9647,11.78
"Hain",73751,67807,5944,8.06
"Harcuvar_Mountains",114104,114104,0,0
"Harquahala_Mountains",104492,104492,0,0
"Hassayampa_River_Canyon",55838,55833,5,0.01
"Hauser",33203,30109,3094,9.32
"Havasu",82727,82016,711,0.86
"Headwaters",101016,100208,808,0.8
"Hell_Hole_Bay",9884,9884,0,0
"Hells_Canyon_AZ",48627,48625,2,0
"Hells_Canyon_IDOR",989170,758503,230667,23.32
"Hellsgate",170714,161680,9034,5.29
"Hemingway_Boulders",308883,300496,8387,2.72
"Henry_M_Jackson",468378,450873,17505,3.74
"Hercules_Glades",56725,55694,1031,1.82
"Hermosa_Creek",169637,103467,66170,39.01
"Hickory_Creek",39570,39071,499,1.26
"High_Rock_Canyon",210947,182010,28937,13.72
"High_Rock_Lake",268200,262004,6196,2.31
"High_Schells",552065,522839,29226,5.29
"High_Uintas",2046361,1857708,188653,9.22
"Highland_Ridge",311643,284135,27508,8.83
"Hollow_Hills",103765,103657,108,0.1
"Holy_Cross",556663,538451,18212,3.27
"Hoover",582133,551272,30861,5.3
"Horse_Valley",66585,66260,325,0.49
"Horseshoe_Bay",18007,17701,306,1.7
"Hummingbird_Springs",143783,143775,8,0.01
"Hunter_Fryingpan",373737,360364,13373,3.58
"Hunting_Camp_Creek",39079,38970,109,0.28
"Huron_Islands",898,832,66,7.35
"Hurricane_Creek",69708,69390,318,0.46
"Huston_Park",141308,133634,7674,5.43
"Ibex",139237,139133,104,0.07
"Imperial_Refuge",74015,72338,1677,2.27
"Indian_Heaven",94545,92139,2406,2.54
"Indian_Mounds",57157,40797,16360,28.62
"Indian_Pass",199132,199128,4,0
"Indian_Peaks",354201,341105,13096,3.7
"Inyo_Mountains",903089,859531,43558,4.82
"Ireteba_Peaks",147535,147268,267,0.18
"Irish",75094,74965,129,0.17
"Ishi",194110,157188,36922,19.02
"Island_Bay",233,219,14,6.01
"Isle_Royale",639574,535952,103622,16.2
"Jacumba",150584,145494,5090,3.38
"James_Peak",78868,74936,3932,4.99
"James_River_Face",40765,31961,8804,21.6
"Jarbidge",500247,411326,88921,17.78
"Jedediah_Smith",561893,538776,23117,4.11
"Jennie_Lakes",47942,47115,827,1.73
"Jim_McClure_Jerry_Peak",542257,526038,16219,2.99
"Jimbilnan",86206,85389,817,0.95
"JN_Ding_Darling",13519,8521,4998,36.97
"John_Krebs",181816,155134,26682,14.68
"John_Muir",2956680,2817557,139123,4.71
"Joseph_Battell",56592,55045,1547,2.73
"Joshua_Tree",2681052,2609210,71842,2.68
"Joyce_Kilmer_Slickrock",87799,79042,8757,9.97
"Jumbo_Springs",21908,21907,1,0
"Juniper_Dunes",33673,31184,2489,7.39
"Juniper_Mesa",34761,34618,143,0.41
"Juniper_Prairie",65004,50061,14943,22.99
"Kachina_Peaks",86031,62645,23386,27.18
"Kaiser",99985,74150,25835,25.84
"Kalmiopsis",813312,339360,473952,58.27
"Kanab_Creek",313962,304571,9391,2.99
"Kelso_Dunes",696364,676210,20154,2.89
"Kendrick_Mountain",30754,9190,21564,70.12
"Kiavah",398698,346373,52325,13.12
"Kimberling_Creek",27233,27107,126,0.46
"King_Range",197867,175870,21997,11.12
"Kingston_Range",1204774,1151858,52916,4.39
"Kisatchie_Hills",39825,33201,6624,16.63
"Kofa",2482742,2442875,39867,1.61
"La_Garita",573044,543842,29202,5.1
"La_Madre_Mountain",214248,175248,39000,18.2
"Labyrinth_Canyon",275550,274907,643,0.23
"Lacassine",15262,15147,115,0.75
"Lake_Chelan_Sawtooth",693599,455736,237863,34.29
"Lake_Woodruff",4800,4705,95,1.98
"Lassen_Volcanic",357530,127822,229708,64.25
"Latir_Peak",93032,85837,7195,7.73
"Laurel_Fork_North",27739,27720,19,0.07
"Laurel_Fork_South",26843,26784,59,0.22
"Lava_Beds",127868,49837,78031,61.02
"LaVerkin_Creek",2200,1909,291,13.23
"Leaf",4616,4462,154,3.34
"Leatherwood",76478,75217,1261,1.65
"Lee_Metcalf",1104720,1054835,49885,4.52
"Lewis_Fork",27993,27781,212,0.76
"Lime_Canyon",107811,104860,2951,2.74
"Linville_Gorge",54572,42781,11791,21.61
"Little_Chuckwalla_Mountains",130416,130414,2,0
"Little_Dry_Run",13173,13082,91,0.69
"Little_Frog_Mountain",25957,24616,1341,5.17
"Little_High_Rock_Canyon",219334,185749,33585,15.31
"Little_Jacks_Creek",249101,187504,61597,24.73
"Little_Lake_Creek",18225,15390,2835,15.56
"Little_Lake_George",13109,12996,113,0.86
"Little_Ocean_Draw",104665,104287,378,0.36
"Little_Picacho",177394,173926,3468,1.95
"Little_Wambaw_Swamp",22921,22912,9,0.04
"Little_Wild_Horse_Canyon",28751,28498,253,0.88
"Little_Wilson_Creek",25250,25107,143,0.57
"Lizard_Head",188928,184291,4637,2.45
"Lone_Peak",139037,122348,16689,12
"Lost_Creek",521261,481474,39787,7.63
"Lostwood",25170,24282,888,3.53
"Lower_Last_Chance",98232,95261,2971,3.02
"Lower_White_River",13697,3072,10625,77.57
"Lusk_Creek",30581,30325,256,0.84
"Lye_Brook",82550,81692,858,1.04
"Machesna_Mountain",84277,58498,25779,30.59
"Mackinac",51968,50751,1217,2.34
"Magic_Mountain",55928,25531,30397,54.35
"Malpais_Mesa",145720,141432,4288,2.94
"Manly_Peak",58764,58747,17,0.03
"Manzano_Mountain",168421,157675,10746,6.38
"Marble_Mountain",1017031,531220,485811,47.77
"Marjory_Stoneman_Douglas",6039262,5801357,237905,3.94
"Mark_O_Hatfield",297587,169067,128520,43.19
"Mark_Trail",76243,75694,549,0.72
"Maroon_Bells_Snowmass",826570,803722,22848,2.76
"Matilija",134606,85056,49550,36.81
"Mazatzal",1132269,972467,159802,14.11
"McCormick",78033,77370,663,0.85
"Meadow_Valley_Range",565421,441686,123735,21.88
"Mecca_Hills",139391,131418,7973,5.72
"Medicine_Lake",54055,53494,561,1.04
"Menagerie",22840,22653,187,0.82
"Mesa_Verde",39593,22354,17239,43.54
"Mesquite",218704,218704,0,0
"Mexican_Mountain",380850,378881,1969,0.52
"Middle_Prong",34403,32741,1662,4.83
"Middle_Santiam",39981,39584,397,0.99
"Middle_Wild_Horse_Mesa",79834,72150,7684,9.62
"Mill_Creek",78233,42832,35401,45.25
"Miller_Peak",92417,75802,16615,17.98
"Milpitas_Wash",80752,80637,115,0.14
"Mingo",36172,31922,4250,11.75
"Mission_Mountains",345211,318728,26483,7.67
"Mojave",3553257,3396525,156732,4.41
"Mokelumne",473412,427563,45849,9.68
"Monarch",201112,124410,76702,38.14
"Monomoy",16088,13220,2868,17.83
"Monument_Rock",92407,18948,73459,79.5
"Moosehorn",12669,11378,1291,10.19
"Moosehorn_Baring_Unit",21913,21425,488,2.23
"Mormon_Mountains",713453,649766,63687,8.93
"Mount_Adams",213482,173443,40039,18.76
"Mount_Baker",545470,521987,23483,4.31
"Mount_Baldy",31207,30574,633,2.03
"Mount_Evans",332874,319023,13851,4.16
"Mount_Grafton",358251,319348,38903,10.86
"Mount_Hood",295592,265246,30346,10.27
"Mount_Jefferson",493713,263783,229930,46.57
"Mount_Lassic",33664,22878,10786,32.04
"Mount_Logan",67462,63216,4246,6.29
"Mount_Massive",120380,116967,3413,2.84
"Mount_Naomi",203159,168719,34440,16.95
"Mount_Nebo",123944,89727,34217,27.61
"Mount_Nutt",127759,127525,234,0.18
"Mount_Olympus",70196,60939,9257,13.19
"Mount_Rainier",1029992,993642,36350,3.53
"Mount_Riley",38273,35604,2669,6.97
"Mount_Skokomish",60801,57962,2839,4.67
"Mount_Sneffels",75130,73732,1398,1.86
"Mount_Thielsen",249860,246048,3812,1.53
"Mount_Timpanogos",47897,43338,4559,9.52
"Mount_Tipton",149886,149076,810,0.54
"Mount_Trumbull",36482,34802,1680,4.61
"Mount_Washington",246104,184148,61956,25.17
"Mount_Wilson",109380,109377,3,0
"Mount_Zirkel",725638,576859,148779,20.5
"Mountain_Lake",75844,75445,399,0.53
"Mountain_Lakes",104381,102825,1556,1.49
"Mt_Charleston",260386,224432,35954,13.81
"Mt_Irish",131998,131108,890,0.67
"Mt_Moriah",402270,340130,62140,15.45
"Mt_Rose",143068,114760,28308,19.79
"Mt_Shasta",170682,131857,38825,22.75
"Mt_Wrightson",114708,103831,10877,9.48
"Mud_Swamp_New_River",37107,37017,90,0.24
"Muddy_Creek",501444,491525,9919,1.98
"Muddy_Mountains",218704,213105,5599,2.56
"Muggins_Mountain",35318,35292,26,0.07
"Munds_Mountain",83117,79317,3800,4.57
"Needles_Eye",40020,39526,494,1.23
"Nellis_Wash",75916,75902,14,0.02
"Nelson_Mountain",34444,31594,2850,8.27
"Neota",45501,44628,873,1.92
"Never_Summer",95169,90918,4251,4.47
"New_Water_Mountains",112036,112036,0,0
"Newberry_Mountains",126049,125969,80,0.06
"Noisy_Diobsud",65301,63815,1486,2.28
"Nopah_Range",504070,495331,8739,1.73
"Nordhouse_Dunes",15084,14709,375,2.49
"Norse_Peak",236895,88935,147960,62.46
"North_Absaroka",1564690,1141582,423108,27.04
"North_Algodones_Dunes",119425,113809,5616,4.7
"North_Black_Rock_Range",139382,138145,1237,0.89
"North_Fork",38197,6721,31476,82.4
"North_Fork_John_Day",549089,424027,125062,22.78
"North_Fork_Owyhee",202610,199452,3158,1.56
"North_Fork_Umatilla",92527,89158,3369,3.64
"North_Jackson_Mountains",107270,104414,2856,2.66
"North_Maricopa_Mountains",290839,290802,37,0.01
"North_McCullough",67223,67221,2,0
"North_Mesquite_Mountains",135184,135117,67,0.05
"North_Santa_Teresa",26770,23615,3155,11.79
"Ojito",53948,53916,32,0.06
"Okefenokee",1580649,1540861,39788,2.52
"Old_Woman_Mountains",829596,804904,24692,2.98
"Opal_Creek",95012,21734,73278,77.12
"Oregon_Badlands",132972,132918,54,0.04
"Oregon_Islands",8364,7777,587,7.02
"Organ_Mountains",90901,85209,5692,6.26
"Organ_Pipe_Cactus",1408584,1392482,16102,1.14
"Orocopia_Mountains",270413,267622,2791,1.03
"Otay_Mountain",78940,55297,23643,29.95
"Otis_Pike_Fire_Island_High_Dune",6081,5704,377,6.2
"Otter_Creek",94281,93331,950,1.01
"Owens_Peak",350307,320943,29364,8.38
"Owens_River_Headwaters",67634,62581,5053,7.47
"Owyhee_River",1227986,1197755,30231,2.46
"Paddy_Creek",32468,32156,312,0.96
"Pahrump_Valley",350319,346908,3411,0.97
"Pahute_Peak",258366,257101,1265,0.49
"Paiute",398794,385217,13577,3.4
"Pajarita",34361,33668,693,2.02
"Palen_McCoy",1114574,1026055,88519,7.94
"Palo_Verde_Mountains",189819,189819,0,0
"Panther_Den",3938,3915,23,0.58
"Paria_Canyon_Vermilion_Cliffs",502202,498557,3645,0.73
"Parsnip_Peak",197623,173605,24018,12.15
"Pasayten",2393180,1403626,989554,41.35
"Pecos",1002004,738590,263414,26.29
"Pelican_Island",32,31,1,3.12
"Peloncillo_Mountains",90055,89945,110,0.12
"Pemigewasset",207583,205385,2198,1.06
"Peru_Peak",35954,35722,232,0.65
"Peters_Mountain",20882,20646,236,1.13
"PetrifiedForest",238591,237391,1200,0.5
"Phillip_Burton",154123,133851,20272,13.15
"Picacho_Peak",40445,40445,0,0
"Pine_Creek",60769,49682,11087,18.24
"Pine_Forest_Range",125702,109358,16344,13
"Pine_Mountain",91004,79088,11916,13.09
"Pine_Valley_Mountain",228044,132217,95827,42.02
"Piney_Creek",37500,37439,61,0.16
"Pinto_Mountains",113710,113705,5,0
"Pinto_Valley",178815,177132,1683,0.94
"Piper_Mountain",340646,338985,1661,0.49
"Piute_Mountains",227469,227468,1,0
"Platte_River",106124,12765,93359,87.97
"Pleasant_View_Ridge",122449,55210,67239,54.91
"Pocosin",53885,53847,38,0.07
"Pole_Creek",61154,60746,408,0.67
"Pond_Mountain",31842,30659,1183,3.72
"Pond_Pine",7888,7886,2,0.03
"Popo_Agie",464238,452364,11874,2.56
"Porcupine_Lake",19790,18889,901,4.55
"Poteau_Mountain",51060,49368,1692,3.31
"Potrillo_Mountains",535574,531582,3992,0.75
"Powderhorn",283315,277406,5909,2.09
"Presidential_Range_Dry_River",125397,123275,2122,1.69
"Priest",27754,27692,62,0.22
"Ptarmigan_Peak",57970,55966,2004,3.46
"Pusch_Ridge",258149,148718,109431,42.39
"Quinn_Canyon",119455,112697,6758,5.66
"Raccoon_Branch",19409,18983,426,2.19
"Raggeds",291260,282056,9204,3.16
"Rainbow_Lake",32813,31719,1094,3.33
"Rainbow_Mountain",112734,107723,5011,4.44
"Ramseys_Draft",30091,29645,446,1.48
"Rattlesnake",156209,126818,29391,18.82
"Raven_Cliffs",42432,42162,270,0.64
"Rawah",337173,300099,37074,11
"Rawhide_Mountains",177320,176907,413,0.23
"Red_Butte",7136,6759,377,5.28
"Red_Buttes",92002,70346,21656,23.54
"Red_Mountain_NV",93587,89098,4489,4.8
"Red_Mountain_UT",85116,81117,3999,4.7
"Red_Rock_Lakes",150142,144639,5503,3.67
"Red_Rock_Secret_Mountain",223058,185587,37471,16.8
"Redfield_Canyon",47382,47112,270,0.57
"Reds_Canyon",88395,88212,183,0.21
"Resting_Spring_Range",369625,367390,2235,0.6
"Rice_Valley",196574,123284,73290,37.28
"Rich_Hole",30120,29645,475,1.58
"Rich_Mountain",49509,48279,1230,2.48
"Richland_Creek",53299,52260,1039,1.95
"Rincon_Mountain",168276,159647,8629,5.13
"Rio_San_Antonio",43038,42888,150,0.35
"Riverside_Mountains",115433,115423,10,0.01
"Roaring_Plains_West",31353,31314,39,0.12
"Roaring_River",167466,141932,25534,15.25
"Robledo_Mountains",83824,83457,367,0.44
"Rock_Creek",33440,32865,575,1.72
"Rock_River_Canyon",24080,23761,319,1.32
"Rockpile_Mountain",19715,19497,218,1.11
"Rocks_and_Islands",574,552,22,3.83
"Rocky_Mountain",1129762,989222,140540,12.44
"Rodman_Mountains",155754,155369,385,0.25
"Rogue_Umpqua_Divide",163081,143844,19237,11.8
"Rough_Mountain",42611,42371,240,0.56
"Round_Island",1814,1770,44,2.43
"Ruby_Mountains",423972,367714,56258,13.27
"Russian",57755,50497,7258,12.57
"Sabinoso",145511,140208,5303,3.64
"Sacatar_Trail",240743,232594,8149,3.38
"Saddle_Mountain",188328,151232,37096,19.7
"Saddle_Peak_Hills",7087,7085,2,0.03
"Saguaro",325482,309554,15928,4.89
"Saint_Marys",44816,43186,1630,3.64
"Salmo_Priest",188036,170654,17382,9.24
"Salmon_Huckleberry",283475,279478,3997,1.41
"Salome",84581,81908,2673,3.16
"Salt_Creek",44236,42665,1571,3.55
"Salt_River_Canyon",146647,142043,4604,3.14
"Sampson_Mountain",49775,41764,8011,16.09
"San_Gabriel",162374,61685,100689,62.01
"San_Gorgonio",538783,372701,166082,30.83
"San_Jacinto",151304,109839,41465,27.41
"San_Juan",2769,2560,209,7.55
"San_Mateo_Canyon",182246,146947,35299,19.37
"San_Pedro_Parks",186744,176410,10334,5.53
"San_Rafael",864183,590250,273933,31.7
"San_Rafael_Reef",305436,303081,2355,0.77
"Sandia_Mountain",171308,164969,6339,3.7
"Sandwich_Range",160323,158535,1788,1.12
"Sangre_de_Cristo",998624,845340,153284,15.35
"Sanhedrin",49135,35427,13708,27.9
"Santa_Lucia",97058,54624,42434,43.72
"Santa_Rosa",518290,508716,9574,1.85
"Santa_Rosa_Paradise_Peak",145540,112635,32905,22.61
"Santa_Teresa",122082,88836,33246,27.23
"Sarvis_Creek",201215,176008,25207,12.53
"Savage_Run",69574,6275,63299,90.98
"Sawtooth",981548,838591,142957,14.56
"Sawtooth_Mountains",153815,145354,8461,5.5
"Scapegoat",1172347,651196,521151,44.45
"Selway_Bitterroot",6077738,4360233,1717505,28.26
"Seney",121235,117206,4029,3.32
"Sequoia_Kings_Canyon",3466807,3133941,332866,9.6
"Sespe",992307,724021,268286,27.04
"Shawvers_Run",26853,26778,75,0.28
"Sheep_Mountain",196393,170364,26029,13.25
"Sheep_Ridge",42557,42498,59,0.14
"Sheephole_Valley",880496,761108,119388,13.56
"Shellback",164274,148550,15724,9.57
"Shenandoah",377007,361758,15249,4.04
"Shining_Rock",84522,81132,3390,4.01
"Sids_Mountain",245863,243644,2219,0.9
"Sierra_Ancha",92361,58998,33363,36.12
"Sierra_de_las_Uvas",59374,59066,308,0.52
"Sierra_Estrella",67392,67378,14,0.02
"Signal_Mountain",61623,61623,0,0
"Silver_Peak",143472,118745,24727,17.23
"Sipsey",117750,103424,14326,12.17
"Siskiyou",814858,504477,310381,38.09
"Sky_Lakes",514382,397691,116691,22.69
"Slaughter_Creek",18680,15087,3593,19.23
"Sleeping_Bear_Dunes",146680,142663,4017,2.74
"Snow_Mountain",276383,116368,160015,57.9
"Soda_Mountain",113237,98243,14994,13.24
"Soda_Mountains",384964,361136,23828,6.19
"Soldier_Creek",35687,29240,6447,18.07
"South_Egan_Range",307490,278977,28513,9.27
"South_Fork_Eel_River",60512,56271,4241,7.01
"South_Fork_San_Jacinto",92823,54486,38337,41.3
"South_Jackson_Mountains",247739,237624,10115,4.08
"South_Maricopa_Mountains",273566,273565,1,0
"South_McCullough",199844,197463,2381,1.19
"South_Nopah_Range",83411,83147,264,0.32
"South_Pahroc_Range",117847,88685,29162,24.75
"South_San_Juan",728628,699777,28851,3.96
"South_Sierra",273314,226178,47136,17.25
"South_Warner",318254,281825,36429,11.45
"Southern_Nantahala",108351,101829,6522,6.02
"Spanish_Peaks",88138,78156,9982,11.33
"Spice_Run",27860,27674,186,0.67
"Spirit_Mountain",152222,151682,540,0.35
"Spring_Basin",29770,28879,891,2.99
"St_Marks",81792,80826,966,1.18
"Stateline",31801,31801,0,0
"Steens_Mountain",792553,588173,204380,25.79
"Stephen_Mather",2874083,2627489,246594,8.58
"Stepladder_Mountains",378669,378114,555,0.15
"Stone_Mountain",15187,15006,181,1.19
"Strawberry_Crater",47779,46338,1441,3.02
"Strawberry_Mountain",314775,126985,187790,59.66
"Sturgeon_River_Gorge",76169,74457,1712,2.25
"Superstition",723740,548416,175324,24.22
"Surprise_Canyon",113666,111673,1993,1.75
"Swanquarter",42862,40739,2123,4.95
"Swansea",78295,77848,447,0.57
"Sycamore_Canyon",267815,181937,85878,32.07
"Sylvania",83752,82498,1254,1.5
"Sylvania_Mountains",88554,85592,2962,3.34
"Table_Mountain",419444,401052,18392,4.38
"Table_Rock",26710,22074,4636,17.36
"Table_Top",156457,156457,0,0
"Tamarac",9958,8947,1011,10.15
"Tatoosh",71324,67053,4271,5.99
"Taylor_Creek",184,172,12,6.52
"Teton",2635125,1938367,696758,26.44
"The_Brothers",74424,70517,3907,5.25
"Theodore_Roosevelt",138101,119504,18597,13.47
"Thousand_Lakes",75021,66304,8717,11.62
"Three_Ridges",21309,21285,24,0.11
"Three_Sisters",1281981,1072203,209778,16.36
"Thunder_Ridge",11423,11303,120,1.05
"Trapper_Creek",27350,23934,3416,12.49
"Tray_Mountain",47460,47057,403,0.85
"Tres_Alamos",38339,38339,0,0
"Trigo_Mountain",140103,139945,158,0.11
"Trilobite",180977,167927,13050,7.21
"Trinity_Alps",2440020,1186152,1253868,51.39
"Tunnel_Spring",24636,22447,2189,8.89
"Turkey_Hill",25294,20573,4721,18.66
"Turtle_Canyon",147099,145584,1515,1.03
"Turtle_Mountains",823731,823209,522,0.06
"Twin_Peaks",52362,48121,4241,8.1
"UL_Bend",87468,75110,12358,14.13
"Unaka_Mountain",20669,18862,1807,8.74
"Uncompahgre",464827,454688,10139,2.18
"Upland_Island",60739,57401,3338,5.5
"Upper_Bald_River",41381,39356,2025,4.89
"Upper_Buffalo",55047,54992,55,0.1
"Upper_Burro_Creek",126641,126420,221,0.17
"Upper_Kiamichi_River",49359,48814,545,1.1
"Vasquez_Peak",59657,58012,1645,2.76
"Ventana",1073684,617929,455755,42.45
"Wabayuma_Peak",183451,180180,3271,1.78
"Waldo_Lake",167889,69168,98721,58.8
"Wambaw_Creek",8912,8906,6,0.07
"Wambaw_Swamp",21880,21861,19,0.09
"Warm_Springs",511609,508636,2973,0.58
"Washakie",3130871,2738801,392070,12.52
"Washington_Islands",4177,3904,273,6.54
"Wee_Thump_Joshua_Tree",29639,29639,0,0
"Weepah_Spring",233452,230439,3013,1.29
"Welcome_Creek",128202,78936,49266,38.43
"Wellsville_Mountain",104215,86948,17267,16.57
"Weminuche",2259450,1947526,311924,13.81
"Wenaha_Tucannon",799633,598546,201087,25.15
"West_Clear_Creek",74070,73252,818,1.1
"West_Elk",797740,778244,19496,2.44
"West_Malpais",181648,178954,2694,1.48
"West_Sister_Island",395,379,16,4.05
"Wet_Beaver",29618,29308,310,1.05
"Wheeler_Peak",87885,83170,4715,5.36
"Whipple_Mountains",361016,360932,84,0.02
"Whisker_Lake",33528,32742,786,2.34
"White_Canyon",26452,24070,2382,9
"White_Clouds",411339,360329,51010,12.4
"White_Mountain",214674,204151,10523,4.9
"White_Mountains",1043935,1012326,31609,3.03
"White_Pine_Range",182369,153166,29203,16.01
"White_Rock_Range",110700,96360,14340,12.95
"Whitethorn",47447,47441,6,0.01
"Wichita_Mountains",44812,33740,11072,24.71
"Wild_River",109028,106934,2094,1.92
"Wild_Rogue",162507,151504,11003,6.77
"Wild_Sky",488138,443640,44498,9.12
"William_O_Douglas",766035,582194,183841,24
"Winegar_Hole",48671,43075,5596,11.5
"Withington",85687,54579,31108,36.3
"Wolf_Island",24329,23536,793,3.26
"Wonder_Mountain",10233,9878,355,3.47
"Woodchute",27310,25753,1557,5.7
"Woolsey_Peak",293812,293793,19,0.01
"Worthington_Mountains",139030,136381,2649,1.91
"Wovoka",224342,203899,20443,9.11
"Yolla_Bolly_Middle_Eel",834347,297048,537299,64.4
"Yosemite",3182353,2784431,397922,12.5
"Yuki",261107,122405,138702,53.12
"Zion",564827,482604,82223,14.56
